invoice_amount,tax_amount,tax_percentage,total_amount,missing_field_count,duplicate_similarity,supplier_invoice_count,supplier_average_amount,supplier_amount_deviation,amount_deviation_percentage,days_since_previous_supplier_invoice,policy_violation_count,validation_error_count,previous_duplicate_count,label
32966.03,5933.89,23.02,57550.95,0,0.0,2,32776.28,9262.17,5.46,34.5,0,1,0,1
19068.27,3432.29,18.0,22500.56,2,0.0,1,19068.27,0.0,0.0,71.6,0,2,0,1
86593.83,15586.89,18.0,102180.72,0,0.0,22,80399.64,6194.19,7.7,38.1,0,0,0,0
153634.66,27654.24,18.0,181288.9,0,0.0,12,167728.0,14093.34,8.4,56.2,0,0,0,0
80573.39,22560.55,28.0,103133.94,0,0.0,8,87152.23,6578.84,7.55,28.3,0,0,0,0
97003.7,27161.04,28.0,124164.74,0,0.0,33,109798.13,12794.43,11.65,16.5,0,0,0,0
148321.76,26697.92,24.94,192120.57,0,0.0,14,156165.85,6110.1,5.93,38.1,0,1,0,1
61416.74,3070.84,5.0,64487.58,0,0.0,25,62564.25,1147.51,1.83,41.2,0,0,0,0
923462.97,166223.33,18.0,1089686.3,0,0.0,6,175117.08,748345.89,427.34,32.6,1,1,0,1
109630.03,19733.41,18.0,129363.44,0,0.0,7,104028.73,5601.3,5.38,40.1,0,0,0,0
157407.2,28333.3,18.0,185740.5,0,0.0,38,154802.66,2604.54,1.68,58.6,0,0,0,0
9123.77,1642.28,18.0,10766.05,2,0.0,3,9123.77,0.0,0.0,58.5,0,2,0,1
76974.75,3848.74,5.0,80823.49,0,0.0,7,71469.81,5504.94,7.7,29.1,0,0,0,0
35114.68,6320.64,18.0,41435.32,1,0.0,1,35114.68,0.0,0.0,76.5,0,1,0,1
117259.3,32832.6,28.0,150091.9,0,0.0,37,111319.53,5939.77,5.34,16.2,0,0,0,0
718870.34,129396.66,18.0,848267.0,0,0.0,1,83282.11,635588.23,763.17,42.1,1,1,0,1
22514.73,4052.65,18.0,26567.38,1,0.0,5,22514.73,0.0,0.0,72.9,0,1,0,1
127851.48,35798.41,28.0,163649.89,0,0.0,39,109915.81,17935.67,16.32,42.1,0,0,0,0
15578.77,4362.06,28.0,19940.83,0,0.0,34,13315.48,2263.29,17.0,38.9,0,0,0,0
168753.5,8437.68,5.0,177191.18,0,0.0,32,174887.31,6133.81,3.51,40.3,0,0,0,0
52237.22,9402.7,16.06,77149.93,0,0.0,6,53511.46,1867.0,5.77,36.3,0,1,0,1
85554.75,15399.85,12.81,106984.75,0,0.0,11,90776.22,7825.67,5.43,35.9,0,1,0,1
40312.19,7256.19,7.32,72199.09,0,0.0,3,40471.24,5462.34,8.61,20.1,0,1,0,1
968767.99,174378.24,18.0,1143146.23,0,0.0,4,176700.99,792067.0,448.25,56.8,1,1,0,1
7934.67,1428.24,18.0,9362.91,1,0.0,5,7934.67,0.0,0.0,33.9,0,1,0,1
45500.84,5460.1,12.0,50960.94,0,0.0,3,41661.29,3839.55,9.22,35.5,0,0,0,0
41674.44,7501.4,18.0,49175.84,1,0.0,1,41674.44,0.0,0.0,25.0,0,1,0,1
85574.14,15403.35,18.0,100977.49,2,0.0,4,85574.14,0.0,0.0,48.9,0,2,0,1
450014.45,81002.6,18.0,531017.05,0,0.0,5,98056.72,351957.73,358.93,52.2,1,1,0,1
782737.18,140892.69,18.0,923629.87,0,0.0,8,172803.12,609934.06,352.96,51.4,1,1,0,1
34054.75,6129.85,36.32,56393.1,0,0.0,6,34824.65,9132.27,10.35,10.4,0,1,0,1
116332.68,5816.63,5.0,122149.31,0,0.0,24,114470.08,1862.6,1.63,26.9,0,0,0,0
656224.69,118120.44,18.0,774345.13,0,0.0,4,131757.03,524467.66,398.06,40.0,1,1,0,1
201895.44,36341.18,18.0,238236.62,0,1.0,15,201895.44,0.0,0.0,0.8,0,1,2,1
64313.03,18007.65,28.0,82320.68,0,0.0,28,62692.14,1620.89,2.59,19.3,0,0,0,0
13844.57,3876.48,28.0,17721.05,0,0.0,33,12954.7,889.87,6.87,15.4,0,0,0,0
92023.53,4601.18,5.0,96624.71,0,0.0,33,99246.34,7222.81,7.28,29.4,0,0,0,0
64073.75,17940.65,28.0,82014.4,0,0.0,34,63320.8,752.95,1.19,48.0,0,0,0,0
136186.97,24513.65,25.25,164302.95,0,0.0,8,128516.55,6790.04,14.13,35.0,0,1,0,1
166134.9,29904.28,18.0,196039.18,0,0.0,10,177087.56,10952.66,6.18,28.5,0,0,0,0
73327.31,13198.92,18.0,86526.23,1,0.0,5,73327.31,0.0,0.0,6.1,0,1,0,1
119403.75,5970.19,5.0,125373.94,0,0.0,8,116010.71,3393.04,2.92,32.0,0,0,0,0
820260.83,147646.95,18.0,967907.78,0,0.0,5,110405.64,709855.19,642.95,39.3,1,1,0,1
22630.87,4073.56,18.0,26704.43,0,0.0,19,20506.87,2124.0,10.36,26.8,0,0,0,0
44699.65,8045.94,38.99,73088.19,0,0.0,14,46446.43,9372.8,11.23,25.9,0,1,0,1
105199.8,5259.99,5.0,110459.79,0,0.0,15,90017.49,15182.31,16.87,29.1,0,0,0,0
49877.7,13965.76,28.0,63843.46,0,0.0,16,45419.65,4458.05,9.82,39.2,0,0,0,0
60017.45,10803.14,18.0,70820.59,0,0.0,18,68309.22,8291.77,12.14,16.2,0,0,0,0
111573.9,13388.87,12.0,124962.77,0,0.0,20,108155.39,3418.51,3.16,30.4,0,0,0,0
65418.72,11775.37,18.0,77194.09,0,0.85,2,65418.72,0.0,0.0,2.8,0,1,3,1
73757.89,20652.21,28.0,94410.1,0,0.0,12,63900.26,9857.63,15.43,15.2,0,0,0,0
40559.56,4867.15,12.0,45426.71,0,0.0,37,38451.48,2108.08,5.48,41.4,0,0,0,0
106360.93,19144.97,32.24,133821.98,0,0.0,15,107858.08,6252.94,14.76,26.2,0,1,0,1
549056.65,98830.2,18.0,647886.85,0,0.0,6,140449.61,408607.04,290.93,53.9,1,1,0,1
13046.77,2348.42,18.0,15395.19,0,0.0,27,14691.55,1644.78,11.2,23.1,0,0,0,0
116037.32,5801.87,5.0,121839.19,0,0.0,31,108153.55,7883.77,7.29,49.3,0,0,0,0
96486.98,17367.66,18.0,113854.64,0,0.0,16,101399.88,4912.9,4.85,29.1,0,0,0,0
65886.81,18448.31,28.0,84335.12,0,0.0,14,72088.17,6201.36,8.6,46.8,0,0,0,0
40171.56,4820.59,12.0,44992.15,0,0.0,18,43670.98,3499.42,8.01,16.2,0,0,0,0
92059.08,16570.63,18.0,108629.71,0,0.86,17,92059.08,0.0,0.0,7.0,0,1,2,1
53335.14,14933.84,28.0,68268.98,0,0.0,3,57920.11,4584.97,7.92,43.0,0,0,0,0
59372.11,2968.61,5.0,62340.72,0,0.0,38,58601.69,770.42,1.31,31.6,0,0,0,0
39531.78,11068.9,28.0,50600.68,0,0.0,27,33654.79,5876.99,17.46,24.7,0,0,0,0
23916.73,1195.84,5.0,25112.57,0,0.0,33,21925.19,1991.54,9.08,51.7,0,0,0,0
33197.6,1659.88,5.0,34857.48,0,0.0,39,29680.63,3516.97,11.85,22.5,0,0,0,0
29126.78,8155.5,28.0,37282.28,0,0.0,30,26380.89,2745.89,10.41,43.6,0,0,0,0
37558.41,10516.35,28.0,48074.76,0,0.0,38,33251.52,4306.89,12.95,49.9,0,0,0,0
115632.8,20813.9,38.3,145938.57,0,0.0,11,125300.67,8725.2,8.35,19.3,0,1,0,1
1139768.95,205158.41,18.0,1344927.36,0,0.0,2,110216.97,1029551.98,934.11,21.9,1,1,0,1
74266.0,3713.3,5.0,77979.3,0,0.0,39,82399.63,8133.63,9.87,50.0,0,0,0,0
81680.24,9801.63,12.0,91481.87,0,0.0,7,75211.05,6469.19,8.6,44.0,0,0,0,0
122897.14,22121.49,18.0,145018.63,0,0.0,7,124908.41,2011.27,1.61,23.0,0,0,0,0
114658.3,5732.92,5.0,120391.22,0,0.0,4,126683.22,12024.92,9.49,43.4,0,0,0,0
93833.95,4691.7,5.0,98525.65,0,0.0,27,104343.3,10509.35,10.07,17.0,0,0,0,0
172140.6,30985.31,18.0,203125.91,0,0.0,8,165562.53,6578.07,3.97,30.4,0,0,0,0
771740.48,138913.29,18.0,910653.77,0,0.0,4,196792.61,574947.87,292.16,42.4,1,1,0,1
151589.41,27286.09,18.0,178875.5,0,0.0,8,141815.05,9774.36,6.89,32.4,0,0,0,0
118559.46,5927.97,5.0,124487.43,0,0.0,28,123026.93,4467.47,3.63,47.7,0,0,0,0
68196.86,8183.62,12.0,76380.48,0,0.0,34,70116.05,1919.19,2.74,23.8,0,0,0,0
168133.85,30264.09,18.0,198397.94,0,0.81,6,168133.85,0.0,0.0,1.7,0,1,1,1
216257.91,38926.42,18.0,255184.33,0,0.87,15,216257.91,0.0,0.0,3.9,0,1,3,1
33897.22,9491.22,28.0,43388.44,0,0.0,16,38258.91,4361.69,11.4,49.0,0,0,0,0
102776.62,18499.79,18.0,121276.41,0,0.0,7,99603.02,3173.6,3.19,48.4,0,0,0,0
104112.52,12493.5,12.0,116606.02,0,0.0,33,117829.61,13717.09,11.64,16.8,0,0,0,0
28137.31,1406.87,5.0,29544.18,0,0.0,15,28329.02,191.71,0.68,55.9,0,0,0,0
33437.81,4012.54,12.0,37450.35,0,0.0,29,28670.78,4767.03,16.63,48.1,0,0,0,0
165514.23,8275.71,5.0,173789.94,0,0.0,36,183423.01,17908.78,9.76,58.2,0,0,0,0
229473.76,41305.28,18.0,270779.04,0,0.91,4,229473.76,0.0,0.0,4.0,0,1,2,1
153052.48,7652.62,5.0,160705.1,0,0.0,24,151506.56,1545.92,1.02,57.2,0,0,0,0
131429.86,23657.37,18.0,155087.23,0,0.95,2,131429.86,0.0,0.0,4.5,0,1,2,1
174159.35,31348.68,30.22,209625.8,0,0.0,12,176460.65,9704.49,13.96,34.3,0,1,0,1
117952.52,14154.3,12.0,132106.82,0,0.0,18,103897.46,14055.06,13.53,26.5,0,0,0,0
83630.86,10035.7,12.0,93666.56,0,0.0,30,73387.26,10243.6,13.96,56.0,0,0,0,0
76693.88,13804.9,18.0,90498.78,2,0.0,2,76693.88,0.0,0.0,75.1,0,2,0,1
78457.0,14122.26,4.81,105279.42,0,0.0,3,76125.9,5151.18,6.71,36.9,0,1,0,1
56700.64,2835.03,5.0,59535.67,0,0.0,10,62336.42,5635.78,9.04,47.9,0,0,0,0
131002.09,23580.38,18.0,154582.47,0,0.0,12,119062.24,11939.85,10.03,25.4,0,0,0,0
88316.29,24728.56,28.0,113044.85,0,0.0,31,96077.51,7761.22,8.08,19.2,0,0,0,0
122224.94,22000.49,10.57,167182.36,0,0.0,15,119334.8,5984.8,5.42,38.9,0,1,0,1
135515.78,6775.79,5.0,142291.57,0,0.0,5,132413.72,3102.06,2.34,46.5,0,0,0,0
76210.79,13717.94,18.0,89928.73,0,0.81,10,76210.79,0.0,0.0,6.2,0,1,1,1
117245.78,14069.49,12.0,131315.27,0,0.0,38,131036.06,13790.28,10.52,42.6,0,0,0,0
81843.68,14731.86,27.96,118849.36,0,0.0,14,86665.34,9574.84,14.06,30.2,0,1,0,1
160196.57,28835.38,5.36,201190.42,0,0.0,11,147010.67,5252.06,12.42,43.6,0,1,0,1
91619.72,25653.52,28.0,117273.24,0,0.0,29,97395.68,5775.96,5.93,35.0,0,0,0,0
179198.97,50175.71,28.0,229374.68,0,0.0,12,162527.98,16670.99,10.26,24.8,0,0,0,0
63372.39,7604.69,12.0,70977.08,0,0.0,19,56938.48,6433.91,11.3,34.9,0,0,0,0
40216.81,7239.03,3.72,59951.39,0,0.0,12,40626.7,3772.74,9.02,39.4,0,1,0,1
131366.11,23645.9,18.0,155012.01,0,0.0,35,141690.0,10323.89,7.29,37.8,0,0,0,0
156789.5,18814.74,12.0,175604.24,0,0.0,39,160359.34,3569.84,2.23,44.2,0,0,0,0
65952.55,3297.63,5.0,69250.18,0,0.0,31,70344.87,4392.32,6.24,35.4,0,0,0,0
1024968.37,184494.31,18.0,1209462.68,0,0.0,5,168306.71,856661.66,508.99,55.2,1,1,0,1
30624.97,1531.25,5.0,32156.22,0,0.0,21,27905.48,2719.49,9.75,39.4,0,0,0,0
10364.99,1243.8,12.0,11608.79,0,0.0,27,10115.71,249.28,2.46,30.3,0,0,0,0
43779.37,5253.52,12.0,49032.89,0,0.0,22,45932.79,2153.42,4.69,31.6,0,0,0,0
104713.16,12565.58,12.0,117278.74,0,0.0,34,106304.04,1590.88,1.5,57.5,0,0,0,0
124764.37,14971.72,12.0,139736.09,0,0.0,9,112690.5,12073.87,10.71,55.6,0,0,0,0
173936.88,31308.64,18.0,205245.52,0,0.0,9,193462.53,19525.65,10.09,34.8,0,0,0,0
116227.39,32543.67,28.0,148771.06,0,0.0,12,113977.94,2249.45,1.97,48.0,0,0,0,0
123114.8,22160.66,14.55,162027.14,0,0.0,13,126175.85,3581.34,5.83,27.7,0,1,0,1
236592.81,42586.71,18.0,279179.52,0,0.99,9,236592.81,0.0,0.0,1.5,0,1,2,1
18217.56,3279.16,18.0,21496.72,2,0.0,4,18217.56,0.0,0.0,58.3,0,2,0,1
42958.13,7732.46,18.0,50690.59,2,0.0,3,42958.13,0.0,0.0,20.2,0,2,0,1
49624.24,8932.36,18.0,58556.6,0,0.0,8,55910.03,6285.79,11.24,53.1,0,0,0,0
76490.58,21417.36,28.0,97907.94,0,0.0,21,65765.99,10724.59,16.31,28.0,0,0,0,0
959421.26,172695.83,18.0,1132117.09,0,0.0,4,87185.8,872235.46,1000.43,28.2,1,1,0,1
1171144.66,210806.04,18.0,1381950.7,0,0.0,1,151787.85,1019356.81,671.57,10.3,1,1,0,1
165756.28,19890.75,12.0,185647.03,0,0.0,5,174833.99,9077.71,5.19,29.4,0,0,0,0
438349.65,78902.94,18.0,517252.59,0,0.0,8,165886.78,272462.87,164.25,48.2,1,1,0,1
23720.16,4269.63,18.0,27989.79,0,0.0,3,26914.01,3193.85,11.87,29.9,0,0,0,0
1083111.17,194960.01,18.0,1278071.18,0,0.0,7,188068.99,895042.18,475.91,54.8,1,1,0,1
27275.36,7637.1,28.0,34912.46,0,0.0,27,28726.28,1450.92,5.05,55.6,0,0,0,0
175087.05,31515.67,18.0,206602.72,0,0.97,9,175087.05,0.0,0.0,3.3,0,1,1,1
42805.59,7705.01,18.0,50510.6,2,0.0,3,42805.59,0.0,0.0,1.5,0,2,0,1
18070.3,2168.44,12.0,20238.74,0,0.0,11,19587.86,1517.56,7.75,41.3,0,0,0,0
130635.0,15676.2,12.0,146311.2,0,0.0,34,126544.76,4090.24,3.23,56.2,0,0,0,0
126350.76,15162.09,12.0,141512.85,0,0.0,38,113723.22,12627.54,11.1,28.0,0,0,0,0
122916.12,34416.51,28.0,157332.63,0,0.0,40,115824.27,7091.85,6.12,55.4,0,0,0,0
197158.3,35488.49,18.0,232646.79,0,0.83,17,197158.3,0.0,0.0,5.1,0,1,2,1
33360.18,4003.22,12.0,37363.4,0,0.0,11,37093.2,3733.02,10.06,17.3,0,0,0,0
149984.58,26997.22,23.23,179955.75,0,0.0,8,143493.59,6403.51,8.12,44.2,0,1,0,1
45950.52,5514.06,12.0,51464.58,0,0.0,22,52368.84,6418.32,12.26,50.3,0,0,0,0
78150.31,14067.06,18.0,92217.37,2,0.0,4,78150.31,0.0,0.0,16.8,0,2,0,1
14586.84,1750.42,12.0,16337.26,0,0.0,22,16535.6,1948.76,11.79,49.5,0,0,0,0
83052.0,9966.24,12.0,93018.24,0,0.0,5,85895.03,2843.03,3.31,42.8,0,0,0,0
1129963.61,203393.45,18.0,1333357.06,0,0.0,8,109538.89,1020424.72,931.56,43.8,1,1,0,1
40961.61,2048.08,5.0,43009.69,0,0.0,22,39989.24,972.37,2.43,19.5,0,0,0,0
64305.53,11575.0,18.0,75880.53,0,0.88,2,64305.53,0.0,0.0,6.5,0,1,2,1
14697.25,734.86,5.0,15432.11,0,0.0,36,13167.33,1529.92,11.62,22.4,0,0,0,0
104276.21,5213.81,5.0,109490.02,0,0.0,38,103064.47,1211.74,1.18,39.7,0,0,0,0
52547.79,9458.6,18.0,62006.39,2,0.0,5,52547.79,0.0,0.0,29.1,0,2,0,1
1094510.59,197011.91,18.0,1291522.5,0,0.0,8,94296.09,1000214.5,1060.72,25.7,1,1,0,1
57924.45,10426.4,18.0,68350.85,0,0.87,4,57924.45,0.0,0.0,1.2,0,1,1,1
68697.87,12365.62,18.0,81063.49,2,0.0,2,68697.87,0.0,0.0,59.9,0,2,0,1
28130.65,1406.53,5.0,29537.18,0,0.0,17,27143.85,986.8,3.64,47.9,0,0,0,0
78721.26,14169.83,18.0,92891.09,2,0.0,1,78721.26,0.0,0.0,11.9,0,2,0,1
170225.34,30640.56,26.05,209159.85,0,0.0,9,160846.61,8120.98,6.54,20.5,0,1,0,1
115905.87,5795.29,5.0,121701.16,0,0.0,31,104304.79,11601.08,11.12,28.5,0,0,0,0
85441.12,15379.4,18.0,100820.52,0,0.0,37,81706.16,3734.96,4.57,49.7,0,0,0,0
73323.81,20530.67,28.0,93854.48,0,0.0,21,71630.19,1693.62,2.36,58.1,0,0,0,0
21181.2,2541.74,12.0,23722.94,0,0.0,6,19709.92,1471.28,7.46,45.3,0,0,0,0
144107.01,25939.26,18.0,170046.27,0,0.0,38,163083.68,18976.67,11.64,49.0,0,0,0,0
76747.11,13814.48,18.0,90561.59,0,0.93,8,76747.11,0.0,0.0,0.8,0,1,1,1
51920.23,9345.64,18.0,61265.87,1,0.0,1,51920.23,0.0,0.0,3.5,0,1,0,1
165919.78,8295.99,5.0,174215.77,0,0.0,28,170493.83,4574.05,2.68,44.8,0,0,0,0
8566.5,1027.98,12.0,9594.48,0,0.0,18,7605.91,960.59,12.63,45.1,0,0,0,0
8911.82,1604.13,18.0,10515.95,1,0.0,1,8911.82,0.0,0.0,25.7,0,1,0,1
75490.66,13588.32,32.52,110666.65,0,0.0,6,74190.25,5473.49,7.38,25.8,0,1,0,1
41290.04,7432.21,18.0,48722.25,0,0.83,19,41290.04,0.0,0.0,1.8,0,1,2,1
122119.77,14654.37,12.0,136774.14,0,0.0,11,121293.78,825.99,0.68,57.1,0,0,0,0
47580.38,13322.51,28.0,60902.89,0,0.0,36,41565.94,6014.44,14.47,54.2,0,0,0,0
37585.78,6765.44,21.18,47844.99,0,0.0,5,39279.02,3267.06,5.34,31.7,0,1,0,1
91679.84,4583.99,5.0,96263.83,0,0.0,39,81069.0,10610.84,13.09,49.9,0,0,0,0
20575.5,1028.78,5.0,21604.28,0,0.0,39,21618.81,1043.31,4.83,21.7,0,0,0,0
125778.62,15093.43,12.0,140872.05,0,0.0,16,134782.03,9003.41,6.68,27.4,0,0,0,0
80364.63,9643.76,12.0,90008.39,0,0.0,27,81150.17,785.54,0.97,25.4,0,0,0,0
170165.05,30629.71,44.82,212578.13,0,0.0,2,164695.44,4039.47,12.21,24.2,0,1,0,1
72080.37,3604.02,5.0,75684.39,0,0.0,37,65580.47,6499.9,9.91,31.8,0,0,0,0
16755.51,837.78,5.0,17593.29,0,0.0,10,14355.71,2399.8,16.72,30.4,0,0,0,0
463928.36,83507.1,18.0,547435.46,0,0.0,2,136055.94,327872.42,240.98,59.8,1,1,0,1
89103.36,16038.6,18.0,105141.96,0,0.0,38,100712.46,11609.1,11.53,47.0,0,0,0,0
27538.52,4956.93,18.0,32495.45,0,0.0,10,23760.48,3778.04,15.9,35.7,0,0,0,0
154703.78,7735.19,5.0,162438.97,0,0.0,26,156767.49,2063.71,1.32,59.0,0,0,0,0
8681.0,1041.72,12.0,9722.72,0,0.0,40,7952.36,728.64,9.16,18.2,0,0,0,0
1079685.38,194343.37,18.0,1274028.75,0,0.0,5,176186.96,903498.42,512.81,26.2,1,1,0,1
132395.51,23831.19,18.0,156226.7,0,0.0,8,121138.98,11256.53,9.29,42.3,0,0,0,0
35625.14,6412.53,18.0,42037.67,0,0.84,10,35625.14,0.0,0.0,4.4,0,1,3,1
6195.27,1734.68,28.0,7929.95,0,0.0,18,6096.27,99.0,1.62,27.0,0,0,0,0
165771.09,29838.8,30.42,214779.76,0,0.0,9,166807.35,4509.84,10.78,16.8,0,1,0,1
333979.02,60116.22,18.0,394095.24,0,0.0,1,196462.44,137516.58,70.0,20.5,1,1,0,1
21576.92,1078.85,5.0,22655.77,0,0.0,11,19126.56,2450.36,12.81,17.8,0,0,0,0
11152.12,2007.38,18.0,13159.5,0,0.0,23,12370.74,1218.62,9.85,36.0,0,0,0,0
851091.97,153196.55,18.0,1004288.52,0,0.0,2,123085.31,728006.66,591.47,51.6,1,1,0,1
771134.84,138804.27,18.0,909939.11,0,0.0,7,138754.76,632380.08,455.75,33.8,1,1,0,1
178612.1,32150.18,18.0,210762.28,0,0.89,5,178612.1,0.0,0.0,1.6,0,1,1,1
107714.1,30159.95,28.0,137874.05,0,0.0,12,105986.82,1727.28,1.63,36.8,0,0,0,0
69318.93,12477.41,18.0,81796.34,0,1.0,8,69318.93,0.0,0.0,3.5,0,1,1,1
55069.41,2753.47,5.0,57822.88,0,0.0,24,51322.76,3746.65,7.3,51.0,0,0,0,0
11989.6,2158.13,18.0,14147.73,0,0.0,6,12973.93,984.33,7.59,43.1,0,0,0,0
10875.85,543.79,5.0,11419.64,0,0.0,18,11660.68,784.83,6.73,33.1,0,0,0,0
167298.37,30113.71,18.0,197412.08,0,0.95,7,167298.37,0.0,0.0,6.9,0,1,3,1
142723.56,17126.83,12.0,159850.39,0,0.0,40,156187.57,13464.01,8.62,32.0,0,0,0,0
25530.33,7148.49,28.0,32678.82,0,0.0,18,27028.65,1498.32,5.54,46.7,0,0,0,0
155413.98,18649.68,12.0,174063.66,0,0.0,22,147052.64,8361.34,5.69,57.6,0,0,0,0
32300.67,5814.12,34.82,58784.87,0,0.0,10,30472.44,2723.93,7.82,41.6,0,1,0,1
167650.36,30177.06,18.0,197827.42,0,0.91,7,167650.36,0.0,0.0,4.1,0,1,3,1
25154.7,1257.74,5.0,26412.44,0,0.0,12,27072.63,1917.93,7.08,25.2,0,0,0,0
156618.84,7830.94,5.0,164449.78,0,0.0,33,174916.28,18297.44,10.46,37.5,0,0,0,0
157617.34,7880.87,5.0,165498.21,0,0.0,33,146530.4,11086.94,7.57,44.5,0,0,0,0
12396.05,3470.89,28.0,15866.94,0,0.0,26,12844.79,448.74,3.49,37.2,0,0,0,0
155622.95,28012.13,18.0,183635.08,0,0.0,16,164123.08,8500.13,5.18,45.0,0,0,0,0
66424.08,11956.33,43.89,95842.32,0,0.0,15,61370.32,5612.73,10.75,39.6,0,1,0,1
12674.04,1520.88,12.0,14194.92,0,0.0,23,12726.87,52.83,0.42,57.7,0,0,0,0
59616.93,10731.05,18.0,70347.98,2,0.0,5,59616.93,0.0,0.0,5.0,0,2,0,1
29749.97,5354.99,18.0,35104.96,0,0.0,22,33924.16,4174.19,12.3,46.4,0,0,0,0
101814.01,5090.7,5.0,106904.71,0,0.0,27,101943.99,129.98,0.13,49.4,0,0,0,0
914097.94,164537.63,18.0,1078635.57,0,0.0,9,120316.1,793781.84,659.75,50.6,1,1,0,1
49219.29,5906.31,12.0,55125.6,0,0.0,30,53487.74,4268.45,7.98,18.3,0,0,0,0
362000.88,65160.16,18.0,427161.04,0,0.0,1,89183.9,272816.98,305.9,35.7,1,1,0,1
11512.12,3223.39,28.0,14735.51,0,0.0,10,10120.97,1391.15,13.75,54.9,0,0,0,0
827622.1,148971.98,18.0,976594.08,0,0.0,8,105554.34,722067.76,684.07,23.4,1,1,0,1
47847.63,8612.57,18.0,56460.2,0,0.82,12,47847.63,0.0,0.0,6.6,0,1,3,1
146453.34,7322.67,5.0,153776.01,0,0.0,4,141219.26,5234.08,3.71,17.4,0,0,0,0
167057.34,46776.06,28.0,213833.4,0,0.0,23,157938.9,9118.44,5.77,27.2,0,0,0,0
84400.2,23632.06,28.0,108032.26,0,0.0,9,91821.41,7421.21,8.08,20.1,0,0,0,0
142180.8,17061.7,12.0,159242.5,0,0.0,27,134361.35,7819.45,5.82,19.8,0,0,0,0
125726.84,22630.83,18.0,148357.67,0,0.0,28,144402.91,18676.07,12.93,44.2,0,0,0,0
134922.92,16190.75,12.0,151113.67,0,0.0,20,126089.1,8833.82,7.01,24.5,0,0,0,0
630432.12,113477.78,18.0,743909.9,0,0.0,6,197333.95,433098.17,219.47,13.1,1,1,0,1
12671.05,2280.79,18.0,14951.84,2,0.0,4,12671.05,0.0,0.0,33.1,0,2,0,1
174997.33,31499.52,41.25,222303.46,0,0.0,8,163914.86,9255.38,8.3,40.1,0,1,0,1
99873.95,4993.7,5.0,104867.65,0,0.0,36,85906.29,13967.66,16.26,53.1,0,0,0,0
44010.67,12322.99,28.0,56333.66,0,0.0,24,44804.85,794.18,1.77,42.9,0,0,0,0
141437.53,25458.76,6.77,189207.76,0,0.0,7,140457.45,1367.87,8.66,32.7,0,1,0,1
155903.19,28062.57,18.0,183965.76,0,0.96,12,155903.19,0.0,0.0,3.1,0,1,3,1
57487.24,10347.7,36.38,85286.78,0,0.0,14,55803.96,9726.52,7.8,11.1,0,1,0,1
586463.98,105563.52,18.0,692027.5,0,0.0,10,177575.9,408888.08,230.26,28.0,1,1,0,1
1064450.94,191601.17,18.0,1256052.11,0,0.0,5,112032.17,952418.77,850.13,42.3,1,1,0,1
681029.03,122585.23,18.0,803614.26,0,0.0,2,183222.31,497806.72,271.7,41.7,1,1,0,1
28214.09,5078.54,18.0,33292.63,1,0.0,1,28214.09,0.0,0.0,19.0,0,1,0,1
38247.25,6884.51,18.0,45131.76,0,0.0,21,35922.59,2324.66,6.47,19.3,0,0,0,0
128799.24,23183.86,6.43,156040.56,0,0.0,15,134318.88,1962.83,10.56,12.5,0,1,0,1
119954.74,21591.85,18.0,141546.59,0,0.0,15,103171.01,16783.73,16.27,42.0,0,0,0,0
144976.93,17397.23,12.0,162374.16,0,0.0,34,132773.71,12203.22,9.19,34.6,0,0,0,0
80143.03,9617.16,12.0,89760.19,0,0.0,18,74780.68,5362.35,7.17,18.8,0,0,0,0
140355.58,16842.67,12.0,157198.25,0,0.0,12,122182.83,18172.75,14.87,40.3,0,0,0,0
912946.77,164330.42,18.0,1077277.19,0,0.0,7,162835.2,750111.57,460.66,50.2,1,1,0,1
64055.05,11529.91,13.92,79449.47,0,0.0,3,65321.95,4255.84,9.8,25.3,0,1,0,1
160185.41,28833.37,41.6,199906.65,0,0.0,4,147448.04,2390.99,7.21,16.6,0,1,0,1
96451.9,27006.53,28.0,123458.43,0,0.0,39,107495.27,11043.37,10.27,36.4,0,0,0,0
23215.35,4178.76,18.0,27394.11,0,0.87,6,23215.35,0.0,0.0,6.0,0,1,3,1
130927.49,36659.7,28.0,167587.19,0,0.0,21,140840.97,9913.48,7.04,50.3,0,0,0,0
1086783.44,195621.02,18.0,1282404.46,0,0.0,3,102463.01,984320.43,960.66,13.9,1,1,0,1
81954.57,14751.82,18.0,96706.39,0,0.0,17,90242.11,8287.54,9.18,40.4,0,0,0,0
144499.72,26009.95,18.0,170509.67,0,0.93,2,144499.72,0.0,0.0,4.7,0,1,3,1
136431.78,24557.72,18.0,160989.5,0,0.85,3,136431.78,0.0,0.0,2.3,0,1,3,1
163888.97,8194.45,5.0,172083.42,0,0.0,39,150723.12,13165.85,8.74,48.2,0,0,0,0
144509.64,17341.16,12.0,161850.8,0,0.0,37,157292.08,12782.44,8.13,59.5,0,0,0,0
109259.69,19666.74,18.0,128926.43,0,0.87,8,109259.69,0.0,0.0,2.6,0,1,3,1
87109.61,15679.73,17.11,110620.95,0,0.0,9,93630.67,1788.39,12.28,25.5,0,1,0,1
189046.63,34028.39,43.24,237997.89,0,0.0,5,198618.95,7847.97,8.2,41.4,0,1,0,1
90160.73,16228.93,18.0,106389.66,0,0.0,5,82601.25,7559.48,9.15,59.3,0,0,0,0
170822.78,20498.73,12.0,191321.51,0,0.0,39,193800.25,22977.47,11.86,52.7,0,0,0,0
41725.37,7510.57,18.0,49235.94,0,0.82,20,41725.37,0.0,0.0,5.3,0,1,3,1
90694.83,16325.07,18.0,107019.9,1,0.0,1,90694.83,0.0,0.0,55.7,0,1,0,1
55228.82,9941.19,38.53,68176.16,0,0.0,12,57123.81,1786.39,10.12,16.8,0,1,0,1
164718.48,29649.33,18.0,194367.81,0,0.0,27,153374.43,11344.05,7.4,16.2,0,0,0,0
107617.04,12914.04,12.0,120531.08,0,0.0,24,116475.06,8858.02,7.61,50.5,0,0,0,0
142673.02,25681.14,26.52,176952.51,0,0.0,12,137095.94,9490.0,9.35,44.4,0,1,0,1
52043.85,6245.26,12.0,58289.11,0,0.0,7,47085.22,4958.63,10.53,28.0,0,0,0,0
115079.42,32222.24,28.0,147301.66,0,0.0,12,126184.4,11104.98,8.8,25.9,0,0,0,0
153068.15,7653.41,5.0,160721.56,0,0.0,30,168191.96,15123.81,8.99,17.0,0,0,0,0
83247.69,14984.58,18.0,98232.27,0,0.0,30,77617.37,5630.32,7.25,59.1,0,0,0,0
13886.98,2499.66,18.0,16386.64,1,0.0,4,13886.98,0.0,0.0,80.5,0,1,0,1
102844.93,18512.09,18.0,121357.02,0,0.0,25,117138.97,14294.04,12.2,27.4,0,0,0,0
1143963.72,205913.47,18.0,1349877.19,0,0.0,5,170800.15,973163.57,569.77,20.5,1,1,0,1
70507.77,12691.4,18.0,83199.17,1,0.0,5,70507.77,0.0,0.0,60.1,0,1,0,1
664418.64,119595.36,18.0,784014.0,0,0.0,7,139362.94,525055.7,376.75,40.8,1,1,0,1
46874.36,2343.72,5.0,49218.08,0,0.0,36,43016.67,3857.69,8.97,25.5,0,0,0,0
48749.09,8774.84,18.0,57523.93,2,0.0,2,48749.09,0.0,0.0,64.6,0,2,0,1
140001.86,25200.33,44.46,189005.52,0,0.0,10,133810.72,7912.0,6.08,18.8,0,1,0,1
450786.31,81141.54,18.0,531927.85,0,0.0,1,107583.27,343203.04,319.01,33.5,1,1,0,1
881375.2,158647.54,18.0,1040022.74,0,0.0,7,177072.02,704303.18,397.75,56.7,1,1,0,1
79549.16,3977.46,5.0,83526.62,0,0.0,9,87931.55,8382.39,9.53,55.1,0,0,0,0
32226.48,1611.32,5.0,33837.8,0,0.0,8,30023.18,2203.3,7.34,44.8,0,0,0,0
89478.94,4473.95,5.0,93952.89,0,0.0,30,101355.72,11876.78,11.72,22.4,0,0,0,0
9379.31,1688.28,18.0,11067.59,0,0.0,17,9794.77,415.46,4.24,43.6,0,0,0,0
528016.07,95042.89,18.0,623058.96,0,0.0,1,133088.34,394927.73,296.74,55.5,1,1,0,1
82312.55,9877.51,12.0,92190.06,0,0.0,35,81650.42,662.13,0.81,55.6,0,0,0,0
10395.12,1871.12,18.0,12266.24,2,0.0,3,10395.12,0.0,0.0,56.8,0,2,0,1
146820.2,41109.66,28.0,187929.86,0,0.0,37,138409.74,8410.46,6.08,37.1,0,0,0,0
144714.67,26048.64,8.6,187755.85,0,0.0,5,133627.13,9943.96,10.75,25.4,0,1,0,1
74414.53,8929.74,12.0,83344.27,0,0.0,7,76470.56,2056.03,2.69,52.4,0,0,0,0
1098220.46,197679.68,18.0,1295900.14,0,0.0,1,106938.46,991282.0,926.96,56.2,1,1,0,1
65174.04,18248.73,28.0,83422.77,0,0.0,35,58183.25,6990.79,12.02,23.3,0,0,0,0
90056.71,16210.21,18.0,106266.92,0,0.88,7,90056.71,0.0,0.0,0.6,0,1,3,1
138257.67,16590.92,12.0,154848.59,0,0.0,7,128483.84,9773.83,7.61,25.5,0,0,0,0
683405.96,123013.07,18.0,806419.03,0,0.0,7,180939.62,502466.34,277.7,53.8,1,1,0,1
33850.52,6093.09,6.82,44898.0,0,0.0,4,33825.67,8874.94,10.21,32.0,0,1,0,1
45689.76,2284.49,5.0,47974.25,0,0.0,21,47037.05,1347.29,2.86,39.5,0,0,0,0
62684.43,3134.22,5.0,65818.65,0,0.0,19,65574.5,2890.07,4.41,46.2,0,0,0,0
78651.12,9438.13,12.0,88089.25,0,0.0,33,89374.09,10722.97,12.0,49.7,0,0,0,0
87529.57,15755.32,18.0,103284.89,1,0.0,2,87529.57,0.0,0.0,30.3,0,1,0,1
181362.93,32645.33,17.45,230143.07,0,0.0,3,195335.64,4941.85,6.89,11.2,0,1,0,1
54708.45,2735.42,5.0,57443.87,0,0.0,19,49723.99,4984.46,10.02,58.0,0,0,0,0
125791.98,35221.75,28.0,161013.73,0,0.0,23,125029.81,762.17,0.61,40.2,0,0,0,0
34069.93,6132.59,18.0,40202.52,2,0.0,3,34069.93,0.0,0.0,11.8,0,2,0,1
36133.03,6503.95,18.0,42636.98,0,1.0,7,36133.03,0.0,0.0,4.9,0,1,3,1
24920.6,6977.77,28.0,31898.37,0,0.0,32,23214.78,1705.82,7.35,32.4,0,0,0,0
30142.02,5425.56,18.0,35567.58,0,0.0,25,34440.64,4298.62,12.48,20.9,0,0,0,0
66630.83,7995.7,12.0,74626.53,0,0.0,37,66397.28,233.55,0.35,56.3,0,0,0,0
368688.0,66363.84,18.0,435051.84,0,0.0,6,187580.66,181107.34,96.55,40.1,1,1,0,1
134719.17,6735.96,5.0,141455.13,0,0.0,19,136873.8,2154.63,1.57,41.3,0,0,0,0
77447.66,9293.72,12.0,86741.38,0,0.0,38,67247.43,10200.23,15.17,32.4,0,0,0,0
156881.55,28238.68,10.73,193079.24,0,0.0,10,142427.46,4457.47,6.91,34.4,0,1,0,1
161247.9,45149.41,28.0,206397.31,0,0.0,12,152365.57,8882.33,5.83,47.2,0,0,0,0
82755.0,4137.75,5.0,86892.75,0,0.0,38,76616.36,6138.64,8.01,46.6,0,0,0,0
17754.14,3195.75,18.0,20949.89,0,0.0,36,16262.59,1491.55,9.17,23.3,0,0,0,0
171990.51,8599.53,5.0,180590.04,0,0.0,31,193096.32,21105.81,10.93,40.7,0,0,0,0
190685.32,34323.36,12.05,248147.7,0,0.0,12,198526.6,5271.31,6.45,40.5,0,1,0,1
124064.96,22331.69,18.0,146396.65,0,0.92,13,124064.96,0.0,0.0,5.5,0,1,1,1
42282.84,7610.91,27.27,65336.76,0,0.0,5,39617.18,4163.8,5.91,39.6,0,1,0,1
133928.12,16071.37,12.0,149999.49,0,0.0,24,143030.54,9102.42,6.36,25.0,0,0,0,0
66797.34,18703.26,28.0,85500.6,0,0.0,28,68522.32,1724.98,2.52,38.3,0,0,0,0
159355.99,44619.68,28.0,203975.67,0,0.0,13,146447.71,12908.28,8.81,38.2,0,0,0,0
93677.78,16862.0,18.0,110539.78,1,0.0,5,93677.78,0.0,0.0,85.8,0,1,0,1
39026.17,10927.33,28.0,49953.5,0,0.0,34,37851.32,1174.85,3.1,21.6,0,0,0,0
56458.83,10162.59,18.0,66621.42,1,0.0,5,56458.83,0.0,0.0,14.6,0,1,0,1
64803.16,18144.88,28.0,82948.04,0,0.0,15,59486.9,5316.26,8.94,21.2,0,0,0,0
47098.74,13187.65,28.0,60286.39,0,0.0,14,49421.24,2322.5,4.7,18.9,0,0,0,0
72137.61,12984.77,18.0,85122.38,1,0.0,3,72137.61,0.0,0.0,84.1,0,1,0,1
58876.93,16485.54,28.0,75362.47,0,0.0,19,52795.84,6081.09,11.52,15.5,0,0,0,0
77725.32,13990.56,18.0,91715.88,2,0.0,3,77725.32,0.0,0.0,23.0,0,2,0,1
75114.49,13520.61,18.0,88635.1,0,0.97,13,75114.49,0.0,0.0,6.1,0,1,1,1
57788.63,6934.64,12.0,64723.27,0,0.0,28,54244.03,3544.6,6.53,17.5,0,0,0,0
54154.35,9747.78,18.0,63902.13,0,0.88,17,54154.35,0.0,0.0,1.4,0,1,1,1
79683.7,14343.07,18.0,94026.77,0,0.0,26,90526.88,10843.18,11.98,45.9,0,0,0,0
12187.1,3412.39,28.0,15599.49,0,0.0,26,10611.15,1575.95,14.85,44.1,0,0,0,0
44082.39,7934.83,18.0,52017.22,0,0.0,29,47892.3,3809.91,7.96,29.9,0,0,0,0
34398.11,9631.47,28.0,44029.58,0,0.0,28,34358.14,39.97,0.12,32.2,0,0,0,0
55291.33,6634.96,12.0,61926.29,0,0.0,8,54196.09,1095.24,2.02,19.4,0,0,0,0
162134.7,19456.16,12.0,181590.86,0,0.0,34,156584.13,5550.57,3.54,25.8,0,0,0,0
105476.85,18985.83,18.54,129980.12,0,0.0,7,112648.49,2388.41,14.97,33.5,0,1,0,1
157644.09,28375.94,9.19,201390.33,0,0.0,7,169386.78,8441.4,11.85,20.5,0,1,0,1
38591.68,6946.5,26.57,48288.25,0,0.0,6,40731.49,1168.88,9.98,32.9,0,1,0,1
232323.99,41818.32,18.0,274142.31,0,0.8,9,232323.99,0.0,0.0,6.5,0,1,2,1
15991.25,4477.55,28.0,20468.8,0,0.0,37,13671.41,2319.84,16.97,38.2,0,0,0,0
36480.62,4377.67,12.0,40858.29,0,0.0,39,38516.37,2035.75,5.29,51.6,0,0,0,0
136075.56,24493.6,18.0,160569.16,0,0.0,5,116042.54,20033.02,17.26,40.6,0,0,0,0
70133.3,12623.99,27.02,100881.14,0,0.0,6,73728.37,8208.86,14.43,22.5,0,1,0,1
81667.51,22866.9,28.0,104534.41,0,0.0,10,75491.13,6176.38,8.18,17.9,0,0,0,0
94386.83,4719.34,5.0,99106.17,0,0.0,34,104562.48,10175.65,9.73,22.5,0,0,0,0
144739.92,7237.0,5.0,151976.92,0,0.0,4,128752.09,15987.83,12.42,31.1,0,0,0,0
231347.14,41642.49,18.0,272989.63,0,0.9,17,231347.14,0.0,0.0,5.7,0,1,3,1
140468.93,25284.41,18.0,165753.34,0,0.86,16,140468.93,0.0,0.0,2.3,0,1,3,1
89265.41,24994.31,28.0,114259.72,0,0.0,33,81518.17,7747.24,9.5,22.3,0,0,0,0
162171.73,8108.59,5.0,170280.32,0,0.0,24,166746.46,4574.73,2.74,42.6,0,0,0,0
210711.89,37928.14,18.0,248640.03,0,0.93,18,210711.89,0.0,0.0,4.6,0,1,3,1
160706.82,19284.82,12.0,179991.64,0,0.0,6,141482.64,19224.18,13.59,24.2,0,0,0,0
59063.25,16537.71,28.0,75600.96,0,0.0,5,60473.22,1409.97,2.33,48.0,0,0,0,0
145396.34,40710.98,28.0,186107.32,0,0.0,14,150252.13,4855.79,3.23,50.1,0,0,0,0
23992.01,4318.56,18.0,28310.57,0,0.92,18,23992.01,0.0,0.0,0.8,0,1,1,1
192817.15,34707.09,5.8,246670.98,0,0.0,8,198169.99,3459.96,6.75,26.2,0,1,0,1
663464.7,119423.65,18.0,782888.35,0,0.0,8,148704.64,514760.06,346.16,15.0,1,1,0,1
37689.82,6784.17,18.82,61178.23,0,0.0,14,39011.16,3176.17,11.72,37.0,0,1,0,1
55069.47,9912.5,18.0,64981.97,0,0.8,3,55069.47,0.0,0.0,6.8,0,1,1,1
113370.64,5668.53,5.0,119039.17,0,0.0,18,119247.63,5876.99,4.93,25.1,0,0,0,0
20764.47,1038.22,5.0,21802.69,0,0.0,9,23285.98,2521.51,10.83,44.0,0,0,0,0
104693.2,5234.66,5.0,109927.86,0,0.0,8,102156.22,2536.98,2.48,41.3,0,0,0,0
1078504.32,194130.78,18.0,1272635.1,0,0.0,5,173854.63,904649.69,520.35,47.3,1,1,0,1
113960.93,31909.06,28.0,145869.99,0,0.0,31,122849.56,8888.63,7.24,24.2,0,0,0,0
72770.5,13098.69,25.28,110138.98,0,0.0,4,72390.71,4781.17,12.38,10.8,0,1,0,1
44952.3,8091.41,9.95,70918.95,0,0.0,15,43787.32,5178.66,11.33,40.1,0,1,0,1
135583.81,24405.09,18.0,159988.9,0,0.85,17,135583.81,0.0,0.0,4.5,0,1,1,1
35673.66,6421.26,3.98,54299.94,0,0.0,10,37572.78,7709.99,5.22,36.5,0,1,0,1
54141.66,6497.0,12.0,60638.66,0,0.0,14,48576.29,5565.37,11.46,42.1,0,0,0,0
674024.84,121324.47,18.0,795349.31,0,0.0,8,154995.67,519029.17,334.87,43.6,1,1,0,1
78901.11,14202.2,18.0,93103.31,2,0.0,1,78901.11,0.0,0.0,78.4,0,2,0,1
53765.09,9677.72,18.0,63442.81,1,0.0,5,53765.09,0.0,0.0,47.4,0,1,0,1
45632.98,8213.94,18.0,53846.92,0,0.0,32,42283.43,3349.55,7.92,15.4,0,0,0,0
14239.72,2563.15,18.0,16802.87,2,0.0,4,14239.72,0.0,0.0,76.5,0,2,0,1
760218.71,136839.37,18.0,897058.08,0,0.0,10,94477.11,665741.6,704.66,57.5,1,1,0,1
38369.71,6906.55,18.0,45276.26,0,0.89,5,38369.71,0.0,0.0,5.3,0,1,1,1
61557.48,11080.35,18.0,72637.83,0,0.86,10,61557.48,0.0,0.0,6.5,0,1,3,1
64967.47,18190.89,28.0,83158.36,0,0.0,40,56564.11,8403.36,14.86,32.0,0,0,0,0
71446.48,20005.01,28.0,91451.49,0,0.0,25,81190.54,9744.06,12.0,51.2,0,0,0,0
143379.87,25808.38,6.12,186708.57,0,0.0,11,139125.2,2293.46,6.37,19.8,0,1,0,1
109509.28,19711.67,7.79,145301.85,0,0.0,3,114717.51,8472.81,9.98,10.9,0,1,0,1
129878.57,36366.0,28.0,166244.57,0,0.0,36,128202.69,1675.88,1.31,42.3,0,0,0,0
195682.48,35222.85,18.0,230905.33,0,0.86,7,195682.48,0.0,0.0,3.2,0,1,3,1
150041.22,18004.95,12.0,168046.17,0,0.0,13,147848.55,2192.67,1.48,51.0,0,0,0,0
166539.63,29977.13,18.0,196516.76,0,0.84,18,166539.63,0.0,0.0,2.1,0,1,1,1
1088685.14,195963.33,18.0,1284648.47,0,0.0,3,96021.18,992663.96,1033.8,44.4,1,1,0,1
141835.26,25530.35,18.0,167365.61,0,0.0,33,143729.52,1894.26,1.32,36.8,0,0,0,0
922155.04,165987.91,18.0,1088142.95,0,0.0,1,134979.69,787175.35,583.18,33.4,1,1,0,1
105009.95,12601.19,12.0,117611.14,0,0.0,10,119162.82,14152.87,11.88,35.2,0,0,0,0
61834.43,17313.64,28.0,79148.07,0,0.0,26,54194.1,7640.33,14.1,53.0,0,0,0,0
48772.88,8779.12,18.0,57552.0,2,0.0,3,48772.88,0.0,0.0,69.5,0,2,0,1
46834.12,8430.14,18.0,55264.26,2,0.0,1,46834.12,0.0,0.0,44.1,0,2,0,1
9323.5,1678.23,18.0,11001.73,0,0.0,35,10170.49,846.99,8.33,35.1,0,0,0,0
167663.62,30179.45,18.0,197843.07,0,0.82,14,167663.62,0.0,0.0,3.9,0,1,3,1
65272.6,18276.33,28.0,83548.93,0,0.0,36,61723.1,3549.5,5.75,33.7,0,0,0,0
90663.96,16319.51,18.0,106983.47,2,0.0,1,90663.96,0.0,0.0,11.8,0,2,0,1
400922.9,72166.12,18.0,473089.02,0,0.0,2,181302.43,219620.47,121.13,39.6,1,1,0,1
70102.34,3505.12,5.0,73607.46,0,0.0,39,62482.81,7619.53,12.19,31.5,0,0,0,0
34280.67,1714.03,5.0,35994.7,0,0.0,11,36623.13,2342.46,6.4,44.8,0,0,0,0
157183.55,44011.39,28.0,201194.94,0,0.0,27,137390.21,19793.34,14.41,58.4,0,0,0,0
88247.44,10589.69,12.0,98837.13,0,0.0,21,83512.99,4734.45,5.67,44.1,0,0,0,0
100063.14,18011.37,18.0,118074.51,0,0.0,36,85288.51,14774.63,17.32,51.8,0,0,0,0
480343.16,86461.77,18.0,566804.93,0,0.0,2,127154.88,353188.28,277.76,30.8,1,1,0,1
41347.44,7442.54,31.85,52879.13,0,0.0,13,39086.35,2128.1,6.3,12.8,0,1,0,1
40031.21,4803.75,12.0,44834.96,0,0.0,7,39455.27,575.94,1.46,55.4,0,0,0,0
95960.2,17272.84,18.0,113233.04,0,0.83,3,95960.2,0.0,0.0,3.7,0,1,2,1
34363.1,1718.15,5.0,36081.25,0,0.0,13,39153.87,4790.77,12.24,19.9,0,0,0,0
53677.5,6441.3,12.0,60118.8,0,0.0,38,55985.37,2307.87,4.12,33.1,0,0,0,0
11538.6,2076.95,18.0,13615.55,0,0.0,37,11964.84,426.24,3.56,41.7,0,0,0,0
10079.34,1814.28,18.0,11893.62,0,0.0,28,10757.22,677.88,6.3,52.8,0,0,0,0
168767.05,30378.07,20.01,207373.91,0,0.0,10,159843.97,2057.57,10.3,13.3,0,1,0,1
98561.14,27597.12,28.0,126158.26,0,0.0,25,98777.43,216.29,0.22,53.0,0,0,0,0
74308.54,13375.54,18.0,87684.08,2,0.0,2,74308.54,0.0,0.0,77.0,0,2,0,1
18503.89,925.19,5.0,19429.08,0,0.0,35,20007.56,1503.67,7.52,52.6,0,0,0,0
141314.71,39568.12,28.0,180882.83,0,0.0,24,146869.77,5555.06,3.78,23.0,0,0,0,0
178096.47,49867.01,28.0,227963.48,0,0.0,19,153338.61,24757.86,16.15,44.1,0,0,0,0
111805.87,13416.7,12.0,125222.57,0,0.0,31,106814.44,4991.43,4.67,24.6,0,0,0,0
212764.96,38297.69,18.0,251062.65,0,0.88,15,212764.96,0.0,0.0,5.9,0,1,2,1
235082.19,42314.79,18.0,277396.98,0,0.94,6,235082.19,0.0,0.0,3.1,0,1,2,1
143517.54,25833.16,18.0,169350.7,0,0.99,6,143517.54,0.0,0.0,1.1,0,1,2,1
24713.18,2965.58,12.0,27678.76,0,0.0,32,25812.56,1099.38,4.26,47.3,0,0,0,0
47339.17,5680.7,12.0,53019.87,0,0.0,21,46334.24,1004.93,2.17,42.7,0,0,0,0
52867.35,9516.12,18.0,62383.47,1,0.0,3,52867.35,0.0,0.0,71.0,0,1,0,1
130437.89,6521.89,5.0,136959.78,0,0.0,29,112691.83,17746.06,15.75,43.5,0,0,0,0
66566.84,18638.72,28.0,85205.56,0,0.0,20,62705.09,3861.75,6.16,25.4,0,0,0,0
110899.31,5544.97,5.0,116444.28,0,0.0,4,96966.68,13932.63,14.37,57.7,0,0,0,0
63190.76,3159.54,5.0,66350.3,0,0.0,25,64063.05,872.29,1.36,51.6,0,0,0,0
171777.84,30920.01,18.0,202697.85,0,0.0,13,165174.84,6603.0,4.0,48.7,0,0,0,0
56097.12,10097.48,18.0,66194.6,0,0.0,9,48452.96,7644.16,15.78,22.4,0,0,0,0
243903.64,43902.66,18.0,287806.3,0,0.94,14,243903.64,0.0,0.0,5.5,0,1,2,1
31500.47,3780.06,12.0,35280.53,0,0.0,29,31517.66,17.19,0.05,42.5,0,0,0,0
119586.73,14350.41,12.0,133937.14,0,0.0,7,118492.17,1094.56,0.92,58.6,0,0,0,0
73901.7,13302.31,18.0,87204.01,0,0.89,20,73901.7,0.0,0.0,1.1,0,1,3,1
80460.44,14482.88,26.45,96713.59,0,0.0,6,74610.99,8664.86,9.59,16.0,0,1,0,1
39844.21,7171.96,18.0,47016.17,0,0.0,32,39905.49,61.28,0.15,43.6,0,0,0,0
109296.79,19673.42,18.0,128970.21,0,0.0,12,125282.34,15985.55,12.76,39.3,0,0,0,0
75340.68,13561.32,18.0,88902.0,2,0.0,2,75340.68,0.0,0.0,79.4,0,2,0,1
19207.81,2304.94,12.0,21512.75,0,0.0,14,19507.41,299.6,1.54,22.0,0,0,0,0
86344.15,15541.95,43.35,116812.55,0,0.0,3,80163.42,7581.64,14.84,44.4,0,1,0,1
59621.75,10731.91,18.0,70353.66,0,0.83,19,59621.75,0.0,0.0,4.9,0,1,1,1
15084.82,754.24,5.0,15839.06,0,0.0,32,13050.9,2033.92,15.58,31.2,0,0,0,0
116682.77,21002.9,6.24,162051.59,0,0.0,5,126495.26,8661.67,9.75,34.4,0,1,0,1
60760.99,10936.98,18.0,71697.97,1,0.0,4,60760.99,0.0,0.0,52.5,0,1,0,1
37279.06,10438.14,28.0,47717.2,0,0.0,28,32013.68,5265.38,16.45,42.6,0,0,0,0
22924.75,4126.45,18.0,27051.2,0,0.0,26,25544.97,2620.22,10.26,21.2,0,0,0,0
28741.21,8047.54,28.0,36788.75,0,0.0,26,30211.2,1469.99,4.87,48.4,0,0,0,0
127084.0,15250.08,12.0,142334.08,0,0.0,40,130804.42,3720.42,2.84,43.4,0,0,0,0
111113.6,13333.63,12.0,124447.23,0,0.0,32,125437.72,14324.12,11.42,40.9,0,0,0,0
74381.26,13388.63,27.39,99833.29,0,0.0,5,76179.42,5931.54,14.74,23.4,0,1,0,1
900281.7,162050.71,18.0,1062332.41,0,0.0,3,173525.9,726755.8,418.82,34.6,1,1,0,1
111079.04,19994.23,40.91,151249.88,0,0.0,4,104196.84,9312.73,12.32,28.3,0,1,0,1
71522.09,20026.19,28.0,91548.28,0,0.0,26,64283.78,7238.31,11.26,31.0,0,0,0,0
109656.42,30703.8,28.0,140360.22,0,0.0,23,113068.28,3411.86,3.02,16.2,0,0,0,0
119340.28,5967.01,5.0,125307.29,0,0.0,28,116201.82,3138.46,2.7,40.1,0,0,0,0
18864.51,3395.61,18.0,22260.12,0,0.0,16,20760.18,1895.67,9.13,39.7,0,0,0,0
81466.49,22810.62,28.0,104277.11,0,0.0,31,91111.41,9644.92,10.59,32.4,0,0,0,0
159796.6,44743.05,28.0,204539.65,0,0.0,27,152664.77,7131.83,4.67,31.9,0,0,0,0
16822.92,2018.75,12.0,18841.67,0,0.0,9,18193.15,1370.23,7.53,48.1,0,0,0,0
104517.65,12542.12,12.0,117059.77,0,0.0,15,116281.55,11763.9,10.12,24.0,0,0,0,0
20795.04,2495.4,12.0,23290.44,0,0.0,17,17800.11,2994.93,16.83,36.5,0,0,0,0
77590.41,13966.27,18.0,91556.68,0,0.96,11,77590.41,0.0,0.0,2.5,0,1,3,1
32529.25,1626.46,5.0,34155.71,0,0.0,39,34228.45,1699.2,4.96,20.2,0,0,0,0
549157.29,98848.31,18.0,648005.6,0,0.0,3,117592.35,431564.94,367.0,35.0,1,1,0,1
108177.71,19471.99,18.0,127649.7,0,0.0,9,118972.6,10794.89,9.07,28.3,0,0,0,0
99856.57,17974.18,22.24,121952.53,0,0.0,12,90878.59,4452.4,5.86,23.7,0,1,0,1
32664.08,9145.94,28.0,41810.02,0,0.0,33,32315.64,348.44,1.08,30.3,0,0,0,0
61465.63,7375.88,12.0,68841.51,0,0.0,25,69717.08,8251.45,11.84,38.4,0,0,0,0
34506.01,4140.72,12.0,38646.73,0,0.0,34,37458.46,2952.45,7.88,50.1,0,0,0,0
123922.21,14870.67,12.0,138792.88,0,0.0,25,142425.14,18502.93,12.99,36.7,0,0,0,0
56029.14,10085.25,18.0,66114.39,0,0.0,18,55422.79,606.35,1.09,41.6,0,0,0,0
17964.38,898.22,5.0,18862.6,0,0.0,12,16073.8,1890.58,11.76,40.3,0,0,0,0
41158.44,4939.01,12.0,46097.45,0,0.0,6,42023.69,865.25,2.06,39.0,0,0,0,0
168858.82,30394.59,18.0,199253.41,0,0.0,32,191667.63,22808.81,11.9,29.7,0,0,0,0
37133.95,6684.11,18.0,43818.06,1,0.0,2,37133.95,0.0,0.0,74.7,0,1,0,1
55170.49,15447.74,28.0,70618.23,0,0.0,14,48666.16,6504.33,13.37,19.3,0,0,0,0
68168.35,12270.3,18.0,80438.65,0,0.0,25,58348.74,9819.61,16.83,20.5,0,0,0,0
53068.04,9552.25,18.0,62620.29,1,0.0,3,53068.04,0.0,0.0,9.0,0,1,0,1
124465.3,14935.84,12.0,139401.14,0,0.0,14,133243.07,8777.77,6.59,20.4,0,0,0,0
119006.63,14280.8,12.0,133287.43,0,0.0,12,119624.05,617.42,0.52,25.8,0,0,0,0
76398.37,9167.8,12.0,85566.17,0,0.0,10,75514.77,883.6,1.17,20.3,0,0,0,0
692927.56,124726.96,18.0,817654.52,0,0.0,5,161928.61,530998.95,327.92,54.0,1,1,0,1
734420.53,132195.7,18.0,866616.23,0,0.0,10,122516.2,611904.33,499.45,57.0,1,1,0,1
12057.72,2170.39,18.0,14228.11,0,0.0,12,10579.01,1478.71,13.98,26.2,0,0,0,0
175109.95,21013.19,12.0,196123.14,0,0.0,6,179497.68,4387.73,2.44,22.7,0,0,0,0
210269.56,37848.52,18.0,248118.08,0,0.82,8,210269.56,0.0,0.0,6.7,0,1,1,1
436369.66,78546.54,18.0,514916.2,0,0.0,1,187067.11,249302.55,133.27,39.0,1,1,0,1
61844.68,11132.04,18.0,72976.72,2,0.0,4,61844.68,0.0,0.0,36.8,0,2,0,1
568974.45,102415.4,18.0,671389.85,0,0.0,10,185232.37,383742.08,207.17,51.5,1,1,0,1
109495.36,5474.77,5.0,114970.13,0,0.0,20,94995.7,14499.66,15.26,59.6,0,0,0,0
117104.08,21078.73,18.0,138182.81,0,0.0,19,122588.75,5484.67,4.47,57.8,0,0,0,0
50878.25,14245.91,28.0,65124.16,0,0.0,26,44900.25,5978.0,13.31,25.5,0,0,0,0
559986.53,100797.58,18.0,660784.11,0,0.0,5,83497.02,476489.51,570.67,42.9,1,1,0,1
225022.86,40504.11,18.0,265526.97,0,0.89,15,225022.86,0.0,0.0,6.5,0,1,1,1
47561.38,5707.37,12.0,53268.75,0,0.0,22,50187.36,2625.98,5.23,53.2,0,0,0,0
62952.28,11331.41,18.0,74283.69,1,0.0,2,62952.28,0.0,0.0,86.0,0,1,0,1
8540.76,1537.34,18.0,10078.1,0,0.0,22,7977.96,562.8,7.05,37.1,0,0,0,0
77760.49,9331.26,12.0,87091.75,0,0.0,29,75182.19,2578.3,3.43,49.6,0,0,0,0
79666.2,14339.92,18.0,94006.12,0,0.0,16,89424.61,9758.41,10.91,27.4,0,0,0,0
901891.21,162340.42,18.0,1064231.63,0,0.0,5,109713.67,792177.54,722.04,39.6,1,1,0,1
101113.44,18200.42,18.0,119313.86,0,0.0,31,112666.05,11552.61,10.25,36.8,0,0,0,0
58057.9,2902.9,5.0,60960.8,0,0.0,16,65672.07,7614.17,11.59,58.3,0,0,0,0
133662.12,16039.45,12.0,149701.57,0,0.0,30,135901.66,2239.54,1.65,17.1,0,0,0,0
703672.2,126661.0,18.0,830333.2,0,0.0,2,139634.21,564037.99,403.94,52.0,1,1,0,1
43850.19,5262.02,12.0,49112.21,0,0.0,31,42194.23,1655.96,3.92,35.8,0,0,0,0
5432.79,271.64,5.0,5704.43,0,0.0,32,5652.56,219.77,3.89,46.4,0,0,0,0
1195782.56,215240.86,18.0,1411023.42,0,0.0,4,113956.07,1081826.49,949.34,30.9,1,1,0,1
91712.72,16508.29,18.0,108221.01,1,0.0,2,91712.72,0.0,0.0,68.9,0,1,0,1
31512.37,5672.23,6.91,57803.89,0,0.0,11,33397.91,2985.15,13.04,24.9,0,1,0,1
29491.35,1474.57,5.0,30965.92,0,0.0,35,31663.0,2171.65,6.86,30.6,0,0,0,0
35637.14,9978.4,28.0,45615.54,0,0.0,18,35612.2,24.94,0.07,41.2,0,0,0,0
98915.53,11869.86,12.0,110785.39,0,0.0,23,109434.78,10519.25,9.61,34.9,0,0,0,0
1086870.26,195636.65,18.0,1282506.91,0,0.0,7,196927.9,889942.36,451.91,44.3,1,1,0,1
813551.98,146439.36,18.0,959991.34,0,0.0,2,134931.16,678620.82,502.94,52.3,1,1,0,1
81007.82,14581.41,18.0,95589.23,1,0.0,3,81007.82,0.0,0.0,62.5,0,1,0,1
42580.94,7664.57,18.0,50245.51,0,0.83,16,42580.94,0.0,0.0,6.3,0,1,3,1
32725.75,5890.64,16.31,61058.82,0,0.0,2,31394.4,7775.99,11.98,31.4,0,1,0,1
150968.92,27174.41,18.0,178143.33,0,0.0,23,169574.53,18605.61,10.97,56.1,0,0,0,0
52146.44,9386.36,18.0,61532.8,0,0.0,26,47201.61,4944.83,10.48,34.1,0,0,0,0
146347.46,40977.29,28.0,187324.75,0,0.0,13,124607.48,21739.98,17.45,26.1,0,0,0,0
14905.84,2683.05,18.0,17588.89,0,0.0,13,17068.08,2162.24,12.67,45.8,0,0,0,0
177438.23,31938.88,18.0,209377.11,0,0.0,34,160557.03,16881.2,10.51,49.4,0,0,0,0
16042.59,4491.93,28.0,20534.52,0,0.0,5,15048.48,994.11,6.61,17.0,0,0,0,0
138564.22,6928.21,5.0,145492.43,0,0.0,22,146823.03,8258.81,5.63,47.8,0,0,0,0
44429.96,7997.39,18.0,52427.35,1,0.0,5,44429.96,0.0,0.0,81.9,0,1,0,1
126784.56,35499.68,28.0,162284.24,0,0.0,6,128968.01,2183.45,1.69,56.3,0,0,0,0
241910.38,43543.87,18.0,285454.25,0,0.95,13,241910.38,0.0,0.0,6.6,0,1,1,1
14487.0,2607.66,18.0,17094.66,1,0.0,2,14487.0,0.0,0.0,82.1,0,1,0,1
67254.98,3362.75,5.0,70617.73,0,0.0,22,62415.99,4838.99,7.75,59.6,0,0,0,0
23449.2,4220.86,18.0,27670.06,0,0.96,4,23449.2,0.0,0.0,4.0,0,1,1,1
25536.38,4596.55,18.0,30132.93,2,0.0,4,25536.38,0.0,0.0,82.7,0,2,0,1
163886.96,29499.65,16.74,215074.96,0,0.0,3,179205.33,6359.9,13.22,39.3,0,1,0,1
116322.92,20938.13,18.0,137261.05,0,0.87,12,116322.92,0.0,0.0,4.1,0,1,2,1
72704.23,13086.76,18.0,85790.99,0,0.0,19,78098.52,5394.29,6.91,31.1,0,0,0,0
51186.69,9213.6,18.0,60400.29,1,0.0,2,51186.69,0.0,0.0,41.5,0,1,0,1
199855.98,35974.08,18.0,235830.06,0,0.9,7,199855.98,0.0,0.0,3.0,0,1,2,1
134380.89,24188.56,18.0,158569.45,0,0.0,40,127784.41,6596.48,5.16,52.3,0,0,0,0
166223.02,46542.45,28.0,212765.47,0,0.0,26,164151.45,2071.57,1.26,48.7,0,0,0,0
43239.81,7783.17,18.0,51022.98,1,0.0,4,43239.81,0.0,0.0,20.1,0,1,0,1
134993.15,24298.77,10.62,165328.22,0,0.0,6,128962.99,3872.35,9.41,14.1,0,1,0,1
63053.45,7566.41,12.0,70619.86,0,0.0,11,60041.24,3012.21,5.02,23.0,0,0,0,0
141354.59,16962.55,12.0,158317.14,0,0.0,39,142249.56,894.97,0.63,45.8,0,0,0,0
23777.62,4279.97,18.0,28057.59,0,0.0,21,23451.98,325.64,1.39,43.9,0,0,0,0
69844.53,3492.23,5.0,73336.76,0,0.0,23,64433.07,5411.46,8.4,20.5,0,0,0,0
152549.5,27458.91,18.0,180008.41,0,0.0,34,165817.1,13267.6,8.0,39.8,0,0,0,0
982251.54,176805.28,18.0,1159056.82,0,0.0,2,158487.72,823763.82,519.77,24.9,1,1,0,1
111987.72,13438.53,12.0,125426.25,0,0.0,33,126111.54,14123.82,11.2,20.1,0,0,0,0
74313.67,13376.46,18.0,87690.13,1,0.0,1,74313.67,0.0,0.0,31.1,0,1,0,1
78467.77,3923.39,5.0,82391.16,0,0.0,12,83450.14,4982.37,5.97,19.2,0,0,0,0
139928.91,25187.2,18.0,165116.11,0,0.0,16,151135.49,11206.58,7.41,33.7,0,0,0,0
112090.96,5604.55,5.0,117695.51,0,0.0,7,105677.92,6413.04,6.07,60.0,0,0,0,0
597677.77,107582.0,18.0,705259.77,0,0.0,3,199347.81,398329.96,199.82,37.8,1,1,0,1
65918.6,11865.35,18.0,77783.95,0,0.96,4,65918.6,0.0,0.0,4.2,0,1,3,1
85895.54,15461.2,18.0,101356.74,0,0.0,38,78670.4,7225.14,9.18,29.6,0,0,0,0
64248.22,17989.5,28.0,82237.72,0,0.0,8,71028.31,6780.09,9.55,53.4,0,0,0,0
72648.74,13076.77,18.0,85725.51,0,0.0,12,69016.93,3631.81,5.26,41.2,0,0,0,0
109967.41,5498.37,5.0,115465.78,0,0.0,8,109381.53,585.88,0.54,20.9,0,0,0,0
10655.97,1918.07,18.0,12574.04,1,0.0,1,10655.97,0.0,0.0,43.7,0,1,0,1
74437.4,3721.87,5.0,78159.27,0,0.0,18,82208.26,7770.86,9.45,51.3,0,0,0,0
57036.8,15970.3,28.0,73007.1,0,0.0,22,58211.12,1174.32,2.02,17.7,0,0,0,0
157855.51,7892.78,5.0,165748.29,0,0.0,4,150042.18,7813.33,5.21,34.3,0,0,0,0
10847.24,542.36,5.0,11389.6,0,0.0,23,10069.91,777.33,7.72,19.7,0,0,0,0
50693.81,14194.27,28.0,64888.08,0,0.0,35,44708.87,5984.94,13.39,18.3,0,0,0,0
173938.94,31309.01,18.0,205247.95,0,0.0,3,176731.92,2792.98,1.58,40.0,0,0,0,0
162839.68,19540.76,12.0,182380.44,0,0.0,17,177707.17,14867.49,8.37,59.2,0,0,0,0
173019.04,8650.95,5.0,181669.99,0,0.0,16,179533.99,6514.95,3.63,26.9,0,0,0,0
570022.47,102604.04,18.0,672626.51,0,0.0,9,180194.44,389828.03,216.34,51.1,1,1,0,1
12929.86,2327.37,18.0,15257.23,0,0.9,17,12929.86,0.0,0.0,4.0,0,1,1,1
103294.59,5164.73,5.0,108459.32,0,0.0,29,98757.83,4536.76,4.59,44.9,0,0,0,0
105805.91,19045.06,18.0,124850.97,0,0.82,18,105805.91,0.0,0.0,3.3,0,1,3,1
77373.04,13927.15,18.0,91300.19,0,0.0,6,78689.58,1316.54,1.67,41.6,0,0,0,0
53028.93,9545.21,18.0,62574.14,0,0.0,37,46560.91,6468.02,13.89,43.8,0,0,0,0
175401.63,49112.46,28.0,224514.09,0,0.0,34,168421.36,6980.27,4.14,50.9,0,0,0,0
230106.91,41419.24,18.0,271526.15,0,0.86,19,230106.91,0.0,0.0,4.0,0,1,3,1
194442.88,34999.72,18.0,229442.6,0,0.86,14,194442.88,0.0,0.0,5.8,0,1,2,1
152111.77,18253.41,12.0,170365.18,0,0.0,21,133748.98,18362.79,13.73,20.8,0,0,0,0
86405.68,15553.02,18.0,101958.7,1,0.0,1,86405.68,0.0,0.0,18.5,0,1,0,1
232275.26,41809.55,18.0,274084.81,0,0.85,16,232275.26,0.0,0.0,3.4,0,1,2,1
481690.87,86704.36,18.0,568395.23,0,0.0,3,133208.6,348482.27,261.61,10.2,1,1,0,1
98786.8,11854.42,12.0,110641.22,0,0.0,31,93105.8,5681.0,6.1,26.9,0,0,0,0
136485.46,24567.38,18.0,161052.84,0,0.0,5,134427.22,2058.24,1.53,30.7,0,0,0,0
72318.41,13017.31,18.0,85335.72,0,0.92,13,72318.41,0.0,0.0,6.5,0,1,3,1
100364.76,12043.77,12.0,112408.53,0,0.0,31,103052.5,2687.74,2.61,51.4,0,0,0,0
34561.15,6221.01,18.0,40782.16,1,0.0,1,34561.15,0.0,0.0,55.2,0,1,0,1
54052.53,15134.71,28.0,69187.24,0,0.0,26,47791.43,6261.1,13.1,40.4,0,0,0,0
27458.56,3295.03,12.0,30753.59,0,0.0,11,26903.5,555.06,2.06,56.0,0,0,0,0
172512.29,31052.21,18.0,203564.5,0,0.0,9,151435.39,21076.9,13.92,19.4,0,0,0,0
15459.55,2782.72,18.0,18242.27,0,0.84,19,15459.55,0.0,0.0,1.9,0,1,3,1
35738.03,1786.9,5.0,37524.93,0,0.0,11,37898.39,2160.36,5.7,22.4,0,0,0,0
6780.35,1220.46,18.0,8000.81,2,0.0,3,6780.35,0.0,0.0,18.0,0,2,0,1
29531.9,3543.83,12.0,33075.73,0,0.0,20,29200.8,331.1,1.13,54.4,0,0,0,0
112808.23,20305.48,18.0,133113.71,0,0.0,8,106375.01,6433.22,6.05,38.0,0,0,0,0
105344.94,29496.58,28.0,134841.52,0,0.0,21,93183.08,12161.86,13.05,15.9,0,0,0,0
58171.21,6980.55,12.0,65151.76,0,0.0,10,59184.66,1013.45,1.71,33.7,0,0,0,0
70378.39,19705.95,28.0,90084.34,0,0.0,40,61954.78,8423.61,13.6,28.6,0,0,0,0
122827.28,6141.36,5.0,128968.64,0,0.0,7,132258.96,9431.68,7.13,41.4,0,0,0,0
56494.07,2824.7,5.0,59318.77,0,0.0,35,64234.48,7740.41,12.05,54.4,0,0,0,0
183823.67,33088.26,30.34,235647.14,0,0.0,7,195141.35,3351.27,12.01,27.0,0,1,0,1
65579.66,11804.34,18.0,77384.0,2,0.0,4,65579.66,0.0,0.0,72.2,0,2,0,1
18122.76,906.14,5.0,19028.9,0,0.0,15,20311.06,2188.3,10.77,35.0,0,0,0,0
74116.93,13341.05,18.0,87457.98,1,0.0,1,74116.93,0.0,0.0,42.2,0,1,0,1
43767.0,12254.76,28.0,56021.76,0,0.0,20,48232.68,4465.68,9.26,21.0,0,0,0,0
85825.87,15448.66,18.0,101274.53,2,0.0,1,85825.87,0.0,0.0,40.4,0,2,0,1
96755.74,11610.69,12.0,108366.43,0,0.0,35,95827.49,928.25,0.97,23.7,0,0,0,0
101249.5,18224.91,18.0,119474.41,0,0.0,22,111922.07,10672.57,9.54,47.0,0,0,0,0
161588.46,8079.42,5.0,169667.88,0,0.0,17,147598.96,13989.5,9.48,54.1,0,0,0,0
130802.19,36624.61,28.0,167426.8,0,0.0,29,143490.24,12688.05,8.84,18.3,0,0,0,0
49442.78,8899.7,18.0,58342.48,2,0.0,1,49442.78,0.0,0.0,26.0,0,2,0,1
147212.42,41219.48,28.0,188431.9,0,0.0,40,134526.86,12685.56,9.43,16.6,0,0,0,0
187019.68,33663.54,18.66,232603.0,0,0.0,4,185439.0,2747.39,8.59,19.4,0,1,0,1
40547.31,7298.52,18.0,47845.83,0,0.0,29,35021.31,5526.0,15.78,53.9,0,0,0,0
134636.49,6731.82,5.0,141368.31,0,0.0,5,149124.28,14487.79,9.72,15.6,0,0,0,0
72973.94,8756.87,12.0,81730.81,0,0.0,14,67206.47,5767.47,8.58,29.3,0,0,0,0
96580.34,11589.64,12.0,108169.98,0,0.0,25,90401.97,6178.37,6.83,39.1,0,0,0,0
56219.2,10119.46,18.0,66338.66,2,0.0,2,56219.2,0.0,0.0,50.1,0,2,0,1
1079764.3,194357.57,18.0,1274121.87,0,0.0,7,148165.93,931598.37,628.75,23.3,1,1,0,1
77196.41,13895.35,42.57,106613.63,0,0.0,12,75051.35,2331.51,13.54,22.9,0,1,0,1
23938.22,4308.88,18.0,28247.1,0,0.0,10,25824.11,1885.89,7.3,40.8,0,0,0,0
113191.83,31693.71,28.0,144885.54,0,0.0,18,112578.21,613.62,0.55,44.9,0,0,0,0
150838.87,7541.94,5.0,158380.81,0,0.0,18,130165.39,20673.48,15.88,40.8,0,0,0,0
80198.94,14435.81,18.0,94634.75,0,0.98,14,80198.94,0.0,0.0,2.0,0,1,2,1
81967.63,14754.17,2.35,99864.7,0,0.0,10,80397.09,2148.0,7.94,22.9,0,1,0,1
63132.46,17677.09,28.0,80809.55,0,0.0,18,58715.82,4416.64,7.52,50.4,0,0,0,0
102789.51,18502.11,18.0,121291.62,0,0.0,4,99580.9,3208.61,3.22,51.7,0,0,0,0
141668.0,17000.16,12.0,158668.16,0,0.0,11,128838.53,12829.47,9.96,33.0,0,0,0,0
46659.8,8398.76,18.0,55058.56,0,0.99,12,46659.8,0.0,0.0,3.4,0,1,1,1
142975.52,25735.59,18.0,168711.11,0,0.0,4,129003.07,13972.45,10.83,17.4,0,0,0,0
48089.59,8656.13,25.48,81029.32,0,0.0,10,46466.86,7349.06,9.74,20.1,0,1,0,1
112954.86,20331.87,18.0,133286.73,0,0.0,15,99895.78,13059.08,13.07,45.2,0,0,0,0
116664.41,5833.22,5.0,122497.63,0,0.0,36,130269.51,13605.1,10.44,15.5,0,0,0,0
142706.08,25687.09,18.0,168393.17,0,0.0,8,133352.44,9353.64,7.01,56.7,0,0,0,0
114131.07,5706.55,5.0,119837.62,0,0.0,3,114525.29,394.22,0.34,44.8,0,0,0,0
153704.1,7685.21,5.0,161389.31,0,0.0,32,149758.87,3945.23,2.63,43.3,0,0,0,0
890788.44,160341.92,18.0,1051130.36,0,0.0,7,157968.78,732819.66,463.9,52.1,1,1,0,1
469405.73,84493.03,18.0,553898.76,0,0.0,1,144610.02,324795.71,224.6,33.0,1,1,0,1
199394.51,35891.01,18.0,235285.52,0,0.8,3,199394.51,0.0,0.0,4.3,0,1,3,1
85324.65,10238.96,12.0,95563.61,0,0.0,32,80260.08,5064.57,6.31,38.4,0,0,0,0
82237.04,14802.67,18.0,97039.71,1,0.0,1,82237.04,0.0,0.0,27.8,0,1,0,1
18817.13,940.86,5.0,19757.99,0,0.0,35,19219.18,402.05,2.09,38.3,0,0,0,0
212394.31,38230.98,18.0,250625.29,0,0.81,17,212394.31,0.0,0.0,1.4,0,1,3,1
71604.7,12888.85,18.0,84493.55,1,0.0,5,71604.7,0.0,0.0,89.3,0,1,0,1
155497.03,27989.47,18.48,194397.25,0,0.0,12,153636.82,6738.17,7.11,35.7,0,1,0,1
82104.55,14778.82,18.0,96883.37,0,0.0,27,82176.15,71.6,0.09,33.8,0,0,0,0
5029.7,251.49,5.0,5281.19,0,0.0,22,5618.34,588.64,10.48,40.3,0,0,0,0
168534.94,30336.29,18.0,198871.23,0,0.0,21,149416.71,19118.23,12.8,45.4,0,0,0,0
20334.96,5693.79,28.0,26028.75,0,0.0,15,17876.38,2458.58,13.75,24.3,0,0,0,0
43261.65,2163.08,5.0,45424.73,0,0.0,38,39353.02,3908.63,9.93,44.2,0,0,0,0
153311.51,27596.07,18.0,180907.58,0,0.0,5,163877.67,10566.16,6.45,39.1,0,0,0,0
128206.62,15384.79,12.0,143591.41,0,0.0,21,135667.5,7460.88,5.5,59.9,0,0,0,0
170392.08,30670.57,8.18,216413.11,0,0.0,6,169526.94,8807.73,14.87,12.3,0,1,0,1
34294.03,6172.93,18.0,40466.96,0,0.85,14,34294.03,0.0,0.0,1.7,0,1,3,1
78465.27,14123.75,18.0,92589.02,2,0.0,2,78465.27,0.0,0.0,21.8,0,2,0,1
179752.68,50330.75,28.0,230083.43,0,0.0,30,189788.14,10035.46,5.29,37.1,0,0,0,0
368870.82,66396.75,18.0,435267.57,0,0.0,10,88486.89,280383.93,316.86,29.1,1,1,0,1
170716.15,8535.81,5.0,179251.96,0,0.0,34,186901.23,16185.08,8.66,59.0,0,0,0,0
77185.09,13893.32,18.0,91078.41,2,0.0,3,77185.09,0.0,0.0,88.2,0,2,0,1
155916.14,28064.91,18.0,183981.05,0,0.9,8,155916.14,0.0,0.0,4.3,0,1,2,1
22507.89,1125.39,5.0,23633.28,0,0.0,15,21277.51,1230.38,5.78,35.3,0,0,0,0
107888.47,5394.42,5.0,113282.89,0,0.0,9,109917.33,2028.86,1.85,19.5,0,0,0,0
142162.97,39805.63,28.0,181968.6,0,0.0,14,136627.7,5535.27,4.05,40.0,0,0,0,0
6258.96,751.08,12.0,7010.04,0,0.0,23,6087.8,171.16,2.81,19.8,0,0,0,0
74556.79,20875.9,28.0,95432.69,0,0.0,19,65411.73,9145.06,13.98,39.5,0,0,0,0
155854.07,43639.14,28.0,199493.21,0,0.0,10,144530.64,11323.43,7.83,32.2,0,0,0,0
23112.83,4160.31,18.0,27273.14,0,0.0,8,23144.37,31.54,0.14,22.8,0,0,0,0
138439.39,6921.97,5.0,145361.36,0,0.0,23,137966.16,473.23,0.34,20.0,0,0,0,0
147358.62,26524.55,18.0,173883.17,0,0.0,15,158990.58,11631.96,7.32,37.4,0,0,0,0
32196.85,3863.62,12.0,36060.47,0,0.0,31,31868.97,327.88,1.03,33.3,0,0,0,0
37519.37,1875.97,5.0,39395.34,0,0.0,18,36436.29,1083.08,2.97,57.4,0,0,0,0
172524.98,8626.25,5.0,181151.23,0,0.0,4,195795.76,23270.78,11.89,24.0,0,0,0,0
98159.47,17668.7,18.0,115828.17,0,0.0,33,107457.59,9298.12,8.65,31.6,0,0,0,0
57391.28,2869.56,5.0,60260.84,0,0.0,11,53336.0,4055.28,7.6,55.0,0,0,0,0
147967.14,17756.06,12.0,165723.2,0,0.0,29,161780.14,13813.0,8.54,47.4,0,0,0,0
94816.64,4740.83,5.0,99557.47,0,0.0,31,94925.83,109.19,0.12,57.5,0,0,0,0
90321.24,16257.82,18.0,106579.06,0,0.0,19,85995.0,4326.24,5.03,54.6,0,0,0,0
30522.65,3662.72,12.0,34185.37,0,0.0,33,33321.59,2798.94,8.4,22.9,0,0,0,0
47359.89,8524.78,18.0,55884.67,0,0.0,16,43512.48,3847.41,8.84,52.6,0,0,0,0
11695.01,3274.6,28.0,14969.61,0,0.0,25,12496.86,801.85,6.42,29.1,0,0,0,0
19132.93,3443.93,18.0,22576.86,2,0.0,4,19132.93,0.0,0.0,68.8,0,2,0,1
154903.11,43372.87,28.0,198275.98,0,0.0,23,137184.06,17719.05,12.92,37.4,0,0,0,0
15234.58,761.73,5.0,15996.31,0,0.0,23,13210.66,2023.92,15.32,41.3,0,0,0,0
994731.99,179051.76,18.0,1173783.75,0,0.0,1,128754.66,865977.33,672.58,23.7,1,1,0,1
137165.63,38406.38,28.0,175572.01,0,0.0,8,145547.74,8382.11,5.76,15.0,0,0,0,0
131142.71,15737.13,12.0,146879.84,0,0.0,38,128476.01,2666.7,2.08,32.1,0,0,0,0
20156.18,3628.11,18.79,25692.35,0,0.0,4,20962.65,9141.56,10.75,28.0,0,1,0,1
1047556.38,188560.15,18.0,1236116.53,0,0.0,4,175943.44,871612.94,495.39,14.2,1,1,0,1
150188.25,27033.88,18.0,177222.13,0,0.0,40,152186.51,1998.26,1.31,22.8,0,0,0,0
101844.41,18331.99,18.0,120176.4,0,0.0,4,112473.67,10629.26,9.45,44.6,0,0,0,0
190325.42,34258.58,40.62,247514.11,0,0.0,8,208603.67,1360.53,9.71,36.9,0,1,0,1
28879.04,3465.48,12.0,32344.52,0,0.0,30,31407.48,2528.44,8.05,58.2,0,0,0,0
40149.01,7226.82,18.0,47375.83,0,0.0,14,45744.67,5595.66,12.23,58.6,0,0,0,0
1076511.63,193772.09,18.0,1270283.72,0,0.0,1,145594.4,930917.23,639.39,59.5,1,1,0,1
889453.89,160101.7,18.0,1049555.59,0,0.0,2,155195.28,734258.61,473.12,58.7,1,1,0,1
15318.02,2757.24,18.0,18075.26,1,0.0,5,15318.02,0.0,0.0,16.0,0,1,0,1
156987.61,28257.77,18.0,185245.38,0,0.93,9,156987.61,0.0,0.0,3.2,0,1,3,1
128491.8,6424.59,5.0,134916.39,0,0.0,10,112118.5,16373.3,14.6,54.7,0,0,0,0
119595.72,33486.8,28.0,153082.52,0,0.0,22,109885.36,9710.36,8.84,48.2,0,0,0,0
151976.01,27355.68,18.0,179331.69,0,0.0,36,151273.74,702.27,0.46,25.8,0,0,0,0
14935.57,4181.96,28.0,19117.53,0,0.0,23,15745.48,809.91,5.14,47.5,0,0,0,0
6692.66,803.12,12.0,7495.78,0,0.0,13,6348.65,344.01,5.42,55.3,0,0,0,0
7435.76,371.79,5.0,7807.55,0,0.0,32,7142.61,293.15,4.1,48.7,0,0,0,0
167894.53,30221.02,18.0,198115.55,0,0.0,12,149641.02,18253.51,12.2,27.9,0,0,0,0
96054.12,11526.49,12.0,107580.61,0,0.0,29,105582.29,9528.17,9.02,19.7,0,0,0,0
131161.8,23609.12,18.0,154770.92,0,0.0,33,119052.84,12108.96,10.17,26.1,0,0,0,0
82225.04,4111.25,5.0,86336.29,0,0.0,30,74881.97,7343.07,9.81,46.0,0,0,0,0
166428.2,46599.9,28.0,213028.1,0,0.0,39,173299.49,6871.29,3.96,54.5,0,0,0,0
42305.65,11845.58,28.0,54151.23,0,0.0,9,38568.96,3736.69,9.69,52.3,0,0,0,0
57871.29,16203.96,28.0,74075.25,0,0.0,33,51042.25,6829.04,13.38,32.2,0,0,0,0
5175.95,931.67,18.0,6107.62,2,0.0,1,5175.95,0.0,0.0,77.0,0,2,0,1
9493.72,1708.87,18.0,11202.59,0,0.0,39,9998.83,505.11,5.05,58.1,0,0,0,0
42405.78,11873.62,28.0,54279.4,0,0.0,6,38139.38,4266.4,11.19,15.1,0,0,0,0
147264.27,26507.57,18.0,173771.84,0,0.91,3,147264.27,0.0,0.0,3.9,0,1,2,1
67767.92,18975.02,28.0,86742.94,0,0.0,20,61461.61,6306.31,10.26,20.5,0,0,0,0
110608.06,5530.4,5.0,116138.46,0,0.0,30,111339.54,731.48,0.66,31.7,0,0,0,0
22496.72,2699.61,12.0,25196.33,0,0.0,35,20912.05,1584.67,7.58,57.0,0,0,0,0
153131.92,7656.6,5.0,160788.52,0,0.0,18,134122.71,19009.21,14.17,34.6,0,0,0,0
94267.18,16968.09,40.33,117034.21,0,0.0,3,93720.25,5359.67,13.9,15.1,0,1,0,1
86540.99,15577.38,32.41,108042.1,0,0.0,12,83372.62,4094.62,8.73,28.9,0,1,0,1
33947.44,6110.54,18.0,40057.98,1,0.0,4,33947.44,0.0,0.0,86.4,0,1,0,1
135073.39,24313.21,18.0,159386.6,0,1.0,17,135073.39,0.0,0.0,3.0,0,1,2,1
67817.85,12207.21,18.0,80025.06,0,0.0,21,58091.54,9726.31,16.74,52.4,0,0,0,0
109322.2,13118.66,12.0,122440.86,0,0.0,36,105399.0,3923.2,3.72,55.9,0,0,0,0
196055.2,35289.94,10.1,253540.27,0,0.0,9,179873.15,4516.14,6.79,43.5,0,1,0,1
55209.9,15458.77,28.0,70668.67,0,0.0,40,56976.53,1766.63,3.1,29.5,0,0,0,0
973010.28,175141.85,18.0,1148152.13,0,0.0,6,83227.98,889782.3,1069.09,29.0,1,1,0,1
8392.08,419.6,5.0,8811.68,0,0.0,25,7697.78,694.3,9.02,18.1,0,0,0,0
139244.25,38988.39,28.0,178232.64,0,0.0,28,121800.89,17443.36,14.32,39.1,0,0,0,0
1100883.57,198159.04,18.0,1299042.61,0,0.0,2,83115.46,1017768.11,1224.52,29.7,1,1,0,1
65957.51,11872.35,18.0,77829.86,0,0.0,32,71582.43,5624.92,7.86,38.5,0,0,0,0
176635.56,21196.27,12.0,197831.83,0,0.0,39,170434.11,6201.45,3.64,53.5,0,0,0,0
35362.33,4243.48,12.0,39605.81,0,0.0,7,31937.27,3425.06,10.72,49.8,0,0,0,0
68376.35,3418.82,5.0,71795.17,0,0.0,12,72049.43,3673.08,5.1,57.7,0,0,0,0
103692.68,29033.95,28.0,132726.63,0,0.0,37,98458.16,5234.52,5.32,49.0,0,0,0,0
67769.43,18975.44,28.0,86744.87,0,0.0,9,70130.02,2360.59,3.37,45.4,0,0,0,0
83679.3,10041.52,12.0,93720.82,0,0.0,9,72397.79,11281.51,15.58,57.5,0,0,0,0
170560.86,8528.04,5.0,179088.9,0,0.0,39,164440.17,6120.69,3.72,15.3,0,0,0,0
66145.52,7937.46,12.0,74082.98,0,0.0,24,62793.26,3352.26,5.34,28.2,0,0,0,0
56480.37,6777.64,12.0,63258.01,0,0.0,11,55001.92,1478.45,2.69,46.5,0,0,0,0
72257.05,20231.97,28.0,92489.02,0,0.0,36,67628.32,4628.73,6.84,58.4,0,0,0,0
141991.71,25558.51,18.0,167550.22,0,0.9,7,141991.71,0.0,0.0,4.0,0,1,3,1
19690.81,5513.43,28.0,25204.24,0,0.0,11,21857.89,2167.08,9.91,23.2,0,0,0,0
76984.24,3849.21,5.0,80833.45,0,0.0,36,82115.84,5131.6,6.25,39.1,0,0,0,0
12767.64,3574.94,28.0,16342.58,0,0.0,3,12843.94,76.3,0.59,51.3,0,0,0,0
715954.16,128871.75,18.0,844825.91,0,0.0,6,176940.09,539014.07,304.63,58.3,1,1,0,1
94165.64,16949.82,28.25,134629.61,0,0.0,2,95978.74,7454.79,11.12,13.1,0,1,0,1
10715.95,1928.87,18.0,12644.82,2,0.0,4,10715.95,0.0,0.0,11.4,0,2,0,1
56736.99,15886.36,28.0,72623.35,0,0.0,30,51062.92,5674.07,11.11,35.0,0,0,0,0
1103417.12,198615.08,18.0,1302032.2,0,0.0,6,189906.9,913510.22,481.03,54.0,1,1,0,1
791533.94,142476.11,18.0,934010.05,0,0.0,1,114482.67,677051.27,591.4,24.9,1,1,0,1
168678.95,47230.11,28.0,215909.06,0,0.0,35,182902.71,14223.76,7.78,56.0,0,0,0,0
142789.87,39981.16,28.0,182771.03,0,0.0,36,151518.59,8728.72,5.76,18.5,0,0,0,0
24918.06,6977.06,28.0,31895.12,0,0.0,10,23297.74,1620.32,6.95,45.5,0,0,0,0
957326.32,172318.74,18.0,1129645.06,0,0.0,2,96867.22,860459.1,888.29,38.5,1,1,0,1
159644.38,7982.22,5.0,167626.6,0,0.0,24,177671.08,18026.7,10.15,42.8,0,0,0,0
123896.86,6194.84,5.0,130091.7,0,0.0,12,136856.57,12959.71,9.47,45.5,0,0,0,0
149503.55,26910.64,18.0,176414.19,0,0.0,23,165278.26,15774.71,9.54,52.4,0,0,0,0
839607.81,151129.41,18.0,990737.22,0,0.0,6,95383.77,744224.04,780.24,27.4,1,1,0,1
50597.87,9107.62,18.0,59705.49,0,0.0,32,55929.07,5331.2,9.53,36.2,0,0,0,0
91470.48,25611.73,28.0,117082.21,0,0.0,39,95394.34,3923.86,4.11,59.4,0,0,0,0
82113.63,14780.45,34.49,113308.35,0,0.0,3,74764.84,5176.13,9.76,26.7,0,1,0,1
44169.94,7950.59,2.68,54842.43,0,0.0,13,47570.04,6921.34,14.75,14.8,0,1,0,1
158481.72,28526.71,18.0,187008.43,0,0.0,14,162313.32,3831.6,2.36,59.3,0,0,0,0
99526.64,11943.2,12.0,111469.84,0,0.0,12,91502.65,8023.99,8.77,46.2,0,0,0,0
147300.79,26514.14,18.0,173814.93,0,0.0,31,167895.89,20595.1,12.27,40.3,0,0,0,0
115443.02,13853.16,12.0,129296.18,0,0.0,7,129483.89,14040.87,10.84,53.7,0,0,0,0
30238.74,5442.97,40.44,50941.04,0,0.0,5,32963.18,6742.75,12.08,14.2,0,1,0,1
22095.01,2651.4,12.0,24746.41,0,0.0,7,21038.38,1056.63,5.02,49.6,0,0,0,0
173257.11,20790.85,12.0,194047.96,0,0.0,28,195548.8,22291.69,11.4,28.5,0,0,0,0
76335.74,21374.01,28.0,97709.75,0,0.0,28,74801.96,1533.78,2.05,15.8,0,0,0,0
7037.85,844.54,12.0,7882.39,0,0.0,35,7774.39,736.54,9.47,53.3,0,0,0,0
82553.07,9906.37,12.0,92459.44,0,0.0,11,83215.37,662.3,0.8,22.7,0,0,0,0
911071.42,163992.86,18.0,1075064.28,0,0.0,7,186286.32,724785.1,389.07,57.2,1,1,0,1
162854.25,29313.76,18.0,192168.01,0,0.92,10,162854.25,0.0,0.0,5.1,0,1,2,1
60172.24,10831.0,18.0,71003.24,0,0.81,20,60172.24,0.0,0.0,5.2,0,1,3,1
59124.82,16554.95,28.0,75679.77,0,0.0,23,57393.65,1731.17,3.02,28.3,0,0,0,0
39847.74,1992.39,5.0,41840.13,0,0.0,5,36797.51,3050.23,8.29,36.4,0,0,0,0
145764.64,17491.76,12.0,163256.4,0,0.0,33,164387.32,18622.68,11.33,34.6,0,0,0,0
144304.33,17316.52,12.0,161620.85,0,0.0,8,134944.16,9360.17,6.94,44.9,0,0,0,0
109657.66,19738.38,18.0,129396.04,0,0.0,27,93614.98,16042.68,17.14,33.6,0,0,0,0
24412.56,4394.26,18.0,28806.82,0,0.87,6,24412.56,0.0,0.0,5.1,0,1,1,1
154491.96,18539.04,12.0,173031.0,0,0.0,15,147200.09,7291.87,4.95,59.4,0,0,0,0
94459.14,17002.65,18.0,111461.79,0,0.93,9,94459.14,0.0,0.0,7.0,0,1,3,1
812646.01,146276.28,18.0,958922.29,0,0.0,1,132335.95,680310.06,514.08,20.1,1,1,0,1
31057.06,3726.85,12.0,34783.91,0,0.0,36,28750.31,2306.75,8.02,30.9,0,0,0,0
143987.59,7199.38,5.0,151186.97,0,0.0,39,157880.35,13892.76,8.8,56.0,0,0,0,0
126832.0,6341.6,5.0,133173.6,0,0.0,17,112920.52,13911.48,12.32,58.8,0,0,0,0
166073.79,29893.28,31.17,220539.7,0,0.0,7,153478.83,7156.8,10.46,21.3,0,1,0,1
177264.35,31907.58,18.0,209171.93,0,0.81,4,177264.35,0.0,0.0,6.0,0,1,1,1
189034.76,34026.26,2.55,232879.61,0,0.0,12,188719.01,1946.55,9.38,33.0,0,1,0,1
139059.36,6952.97,5.0,146012.33,0,0.0,18,126797.73,12261.63,9.67,19.5,0,0,0,0
1132110.47,203779.88,18.0,1335890.35,0,0.0,8,156398.26,975712.21,623.86,12.7,1,1,0,1
71425.25,12856.55,18.0,84281.8,0,0.87,4,71425.25,0.0,0.0,0.6,0,1,1,1
7080.58,1274.5,18.0,8355.08,2,0.0,5,7080.58,0.0,0.0,79.6,0,2,0,1
158937.0,28608.66,18.0,187545.66,0,0.0,29,147125.03,11811.97,8.03,18.7,0,0,0,0
62954.47,3147.72,5.0,66102.19,0,0.0,18,60061.27,2893.2,4.82,29.4,0,0,0,0
45138.4,8124.91,18.0,53263.31,1,0.0,2,45138.4,0.0,0.0,34.2,0,1,0,1
67868.91,8144.27,12.0,76013.18,0,0.0,13,76992.21,9123.3,11.85,56.3,0,0,0,0
42420.57,7635.7,18.0,50056.27,0,0.98,2,42420.57,0.0,0.0,2.5,0,1,1,1
58498.97,10529.81,18.0,69028.78,0,0.9,5,58498.97,0.0,0.0,0.7,0,1,3,1
27302.97,4914.53,18.0,32217.5,0,0.0,26,30570.98,3268.01,10.69,50.8,0,0,0,0
150208.28,18024.99,12.0,168233.27,0,0.0,33,147892.13,2316.15,1.57,15.2,0,0,0,0
26566.15,1328.31,5.0,27894.46,0,0.0,39,27336.47,770.32,2.82,39.2,0,0,0,0
66278.36,11930.1,18.0,78208.46,2,0.0,3,66278.36,0.0,0.0,81.9,0,2,0,1
138728.16,24971.07,18.0,163699.23,0,0.0,23,122912.5,15815.66,12.87,37.4,0,0,0,0
134289.3,16114.72,12.0,150404.02,0,0.0,38,116562.35,17726.95,15.21,58.0,0,0,0,0
58832.07,10589.77,18.0,69421.84,0,0.0,31,52202.05,6630.02,12.7,46.0,0,0,0,0
12585.28,2265.35,18.0,14850.63,2,0.0,4,12585.28,0.0,0.0,65.5,0,2,0,1
168436.46,8421.82,5.0,176858.28,0,0.0,28,182987.38,14550.92,7.95,23.4,0,0,0,0
583919.94,105105.59,18.0,689025.53,0,0.0,6,159614.8,424305.14,265.83,20.0,1,1,0,1
20166.01,5646.48,28.0,25812.49,0,0.0,18,21681.34,1515.33,6.99,40.6,0,0,0,0
198667.49,35760.15,14.41,254716.09,0,0.0,14,207726.75,9079.51,12.29,24.5,0,1,0,1
61561.44,11081.06,18.0,72642.5,0,0.0,12,60448.95,1112.49,1.84,36.1,0,0,0,0
17963.08,3233.35,18.0,21196.43,2,0.0,1,17963.08,0.0,0.0,14.7,0,2,0,1
38212.95,6878.33,18.0,45091.28,0,0.83,8,38212.95,0.0,0.0,0.5,0,1,2,1
120721.08,21729.79,18.0,142450.87,0,0.0,8,133589.38,12868.3,9.63,54.0,0,0,0,0
172100.22,48188.06,28.0,220288.28,0,0.0,23,147814.76,24285.46,16.43,27.3,0,0,0,0
169576.53,8478.83,5.0,178055.36,0,0.0,16,152631.28,16945.25,11.1,19.6,0,0,0,0
153867.53,43082.91,28.0,196950.44,0,0.0,13,136006.12,17861.41,13.13,46.3,0,0,0,0
37941.91,10623.73,28.0,48565.64,0,0.0,35,33967.81,3974.1,11.7,17.8,0,0,0,0
51642.23,2582.11,5.0,54224.34,0,0.0,17,52814.9,1172.67,2.22,59.2,0,0,0,0
103729.53,5186.48,5.0,108916.01,0,0.0,38,116266.95,12537.42,10.78,24.1,0,0,0,0
26358.72,4744.57,34.23,54252.04,0,0.0,13,27861.28,3343.99,11.29,30.2,0,1,0,1
995463.46,179183.42,18.0,1174646.88,0,0.0,4,175127.77,820335.69,468.42,24.7,1,1,0,1
60988.65,3049.43,5.0,64038.08,0,0.0,39,58661.47,2327.18,3.97,37.6,0,0,0,0
527227.35,94900.92,18.0,622128.27,0,0.0,4,134117.2,393110.15,293.11,28.5,1,1,0,1
95267.39,11432.09,12.0,106699.48,0,0.0,13,100241.04,4973.65,4.96,31.2,0,0,0,0
34261.3,6167.03,18.0,40428.33,0,0.0,29,32203.08,2058.22,6.39,50.2,0,0,0,0
119554.3,33475.2,28.0,153029.5,0,0.0,24,114652.9,4901.4,4.27,17.4,0,0,0,0
49855.19,8973.93,18.0,58829.12,1,0.0,2,49855.19,0.0,0.0,58.6,0,1,0,1
31073.15,5593.17,18.0,36666.32,0,0.0,12,27077.86,3995.29,14.75,22.5,0,0,0,0
149074.49,26833.41,18.0,175907.9,0,0.0,37,163502.41,14427.92,8.82,16.9,0,0,0,0
113591.42,20446.46,44.71,151303.12,0,0.0,7,114673.1,7055.22,13.32,10.4,0,1,0,1
168714.61,20245.75,12.0,188960.36,0,0.0,15,154021.9,14692.71,9.54,47.1,0,0,0,0
77823.07,14008.15,18.0,91831.22,2,0.0,3,77823.07,0.0,0.0,45.9,0,2,0,1
122624.81,6131.24,5.0,128756.05,0,0.0,31,121057.22,1567.59,1.29,41.5,0,0,0,0
7920.65,396.03,5.0,8316.68,0,0.0,3,7355.56,565.09,7.68,16.8,0,0,0,0
30474.71,8532.92,28.0,39007.63,0,0.0,39,32136.8,1662.09,5.17,23.1,0,0,0,0
34276.16,6169.71,18.0,40445.87,1,0.0,1,34276.16,0.0,0.0,27.5,0,1,0,1
39763.17,4771.58,12.0,44534.75,0,0.0,19,43717.6,3954.43,9.05,58.8,0,0,0,0
109644.3,19735.97,18.0,129380.27,0,0.82,20,109644.3,0.0,0.0,2.8,0,1,2,1
210425.38,37876.57,18.0,248301.95,0,0.86,12,210425.38,0.0,0.0,4.1,0,1,1,1
144165.95,25949.87,18.0,170115.82,0,0.91,17,144165.95,0.0,0.0,1.7,0,1,1,1
46923.32,8446.2,18.0,55369.52,0,0.0,21,49013.15,2089.83,4.26,38.9,0,0,0,0
94123.82,16942.29,18.0,111066.11,1,0.0,4,94123.82,0.0,0.0,86.2,0,1,0,1
175295.26,49082.67,28.0,224377.93,0,0.0,8,178032.0,2736.74,1.54,52.3,0,0,0,0
65775.57,7893.07,12.0,73668.64,0,0.0,32,75178.33,9402.76,12.51,46.4,0,0,0,0
119695.1,21545.12,18.0,141240.22,0,0.0,19,134306.7,14611.6,10.88,33.2,0,0,0,0
189921.71,34185.91,26.67,248644.17,0,0.0,4,201300.91,7556.89,14.22,21.9,0,1,0,1
179671.5,50308.02,28.0,229979.52,0,0.0,36,173032.18,6639.32,3.84,58.1,0,0,0,0
55864.22,2793.21,5.0,58657.43,0,0.0,19,49130.39,6733.83,13.71,47.7,0,0,0,0
111078.14,19994.07,18.0,131072.21,0,0.0,35,123787.39,12709.25,10.27,33.8,0,0,0,0
116823.46,32710.57,28.0,149534.03,0,0.0,37,109452.07,7371.39,6.73,58.0,0,0,0,0
159595.98,28727.28,39.49,192762.34,0,0.0,15,174989.76,5645.32,14.93,17.2,0,1,0,1
147768.55,26598.34,24.91,191646.29,0,0.0,6,146349.33,4313.31,11.73,34.3,0,1,0,1
43496.79,7829.42,4.15,56460.19,0,0.0,6,46287.02,1875.63,11.11,39.2,0,1,0,1
68682.14,12362.79,18.0,81044.93,0,0.0,27,66802.37,1879.77,2.81,30.2,0,0,0,0
184178.83,33152.19,14.46,226874.64,0,0.0,10,189297.03,1691.44,6.94,32.0,0,1,0,1
153808.29,7690.41,5.0,161498.7,0,0.0,14,150019.3,3788.99,2.53,52.7,0,0,0,0
140164.26,25229.57,13.07,184876.7,0,0.0,14,128222.18,7993.95,8.83,21.6,0,1,0,1
80961.44,14573.06,18.0,95534.5,0,0.85,13,80961.44,0.0,0.0,3.5,0,1,3,1
54475.72,15253.2,28.0,69728.92,0,0.0,7,57538.1,3062.38,5.32,56.6,0,0,0,0
6625.22,1192.54,18.0,7817.76,0,0.0,10,7595.46,970.24,12.77,34.0,0,0,0,0
26051.7,4689.31,22.61,44487.93,0,0.0,14,27076.33,1881.99,9.95,12.9,0,1,0,1
119656.1,21538.1,18.0,141194.2,0,0.98,9,119656.1,0.0,0.0,3.9,0,1,2,1
145333.24,26159.98,20.86,185775.01,0,0.0,11,131982.9,1899.71,13.47,31.4,0,1,0,1
7518.0,1353.24,18.0,8871.24,1,0.0,2,7518.0,0.0,0.0,70.8,0,1,0,1
88300.89,4415.04,5.0,92715.93,0,0.0,13,77246.13,11054.76,14.31,53.0,0,0,0,0
22581.39,1129.07,5.0,23710.46,0,0.0,40,24139.57,1558.18,6.45,30.8,0,0,0,0
758151.16,136467.21,18.0,894618.37,0,0.0,9,140575.37,617575.79,439.32,27.2,1,1,0,1
106135.74,12736.29,12.0,118872.03,0,0.0,12,111126.34,4990.6,4.49,25.1,0,0,0,0
136947.19,24650.49,18.0,161597.68,0,0.82,11,136947.19,0.0,0.0,3.3,0,1,2,1
146263.74,7313.19,5.0,153576.93,0,0.0,20,125594.62,20669.12,16.46,27.3,0,0,0,0
863843.56,155491.84,18.0,1019335.4,0,0.0,3,152047.13,711796.43,468.14,14.5,1,1,0,1
72692.04,13084.57,18.0,85776.61,1,0.0,4,72692.04,0.0,0.0,46.3,0,1,0,1
134800.66,6740.03,5.0,141540.69,0,0.0,7,133840.04,960.62,0.72,50.0,0,0,0,0
112715.11,20288.72,18.0,133003.83,0,0.0,28,114336.08,1620.97,1.42,15.0,0,0,0,0
45061.77,2253.09,5.0,47314.86,0,0.0,20,46092.52,1030.75,2.24,49.3,0,0,0,0
87497.35,24499.26,28.0,111996.61,0,0.0,13,80130.87,7366.48,9.19,33.5,0,0,0,0
184505.7,33211.03,18.0,217716.73,0,0.85,6,184505.7,0.0,0.0,0.6,0,1,1,1
101796.87,18323.44,18.0,120120.31,0,0.86,3,101796.87,0.0,0.0,2.6,0,1,3,1
50264.07,6031.69,12.0,56295.76,0,0.0,24,52592.82,2328.75,4.43,25.0,0,0,0,0
83561.76,15041.12,9.15,110545.12,0,0.0,4,87101.64,3567.22,14.73,39.4,0,1,0,1
173059.88,8652.99,5.0,181712.87,0,0.0,38,188797.02,15737.14,8.34,47.1,0,0,0,0
56126.15,10102.71,18.0,66228.86,0,0.97,14,56126.15,0.0,0.0,5.9,0,1,1,1
87144.47,24400.45,28.0,111544.92,0,0.0,24,78892.68,8251.79,10.46,17.3,0,0,0,0
189183.99,34053.12,20.75,236013.42,0,0.0,15,197801.98,8310.48,5.7,17.9,0,1,0,1
151508.34,7575.42,5.0,159083.76,0,0.0,30,134867.41,16640.93,12.34,36.5,0,0,0,0
61116.4,11000.95,18.0,72117.35,0,0.0,12,70021.59,8905.19,12.72,38.5,0,0,0,0
22534.64,4056.24,18.0,26590.88,0,0.0,33,19834.17,2700.47,13.62,49.7,0,0,0,0
109450.1,13134.01,12.0,122584.11,0,0.0,23,125178.08,15727.98,12.56,28.2,0,0,0,0
167066.97,30072.05,27.7,219492.45,0,0.0,14,182774.99,2549.86,8.05,36.1,0,1,0,1
147927.5,41419.7,28.0,189347.2,0,0.0,10,160159.55,12232.05,7.64,25.7,0,0,0,0
51646.57,9296.38,18.0,60942.95,2,0.0,3,51646.57,0.0,0.0,47.0,0,2,0,1
95213.5,17138.43,18.0,112351.93,0,0.0,23,85573.19,9640.31,11.27,59.6,0,0,0,0
84621.27,15231.83,18.0,99853.1,0,0.0,29,89747.81,5126.54,5.71,56.1,0,0,0,0
116899.69,5844.98,5.0,122744.67,0,0.0,20,107953.07,8946.62,8.29,21.3,0,0,0,0
102665.16,12319.82,12.0,114984.98,0,0.0,22,111017.2,8352.04,7.52,46.7,0,0,0,0
125359.74,35100.73,28.0,160460.47,0,0.0,33,117823.51,7536.23,6.4,49.5,0,0,0,0
68987.72,12417.79,18.0,81405.51,0,0.0,28,74264.7,5276.98,7.11,33.6,0,0,0,0
43108.0,7759.44,18.0,50867.44,2,0.0,4,43108.0,0.0,0.0,66.1,0,2,0,1
67126.54,3356.33,5.0,70482.87,0,0.0,39,76865.42,9738.88,12.67,45.5,0,0,0,0
643769.74,115878.55,18.0,759648.29,0,0.0,2,193669.22,450100.52,232.41,10.7,1,1,0,1
65004.05,11700.73,18.0,76704.78,0,0.0,35,64780.41,223.64,0.35,55.7,0,0,0,0
96448.35,27005.54,28.0,123453.89,0,0.0,10,93972.78,2475.57,2.63,21.7,0,0,0,0
947999.23,170639.86,18.0,1118639.09,0,0.0,9,191680.11,756319.12,394.57,41.5,1,1,0,1
191130.81,34403.55,15.0,231721.72,0,0.0,3,186322.56,1336.56,7.02,13.2,0,1,0,1
55114.75,9920.65,18.0,65035.4,1,0.0,3,55114.75,0.0,0.0,79.4,0,1,0,1
155384.88,43507.77,28.0,198892.65,0,0.0,23,161295.68,5910.8,3.66,54.9,0,0,0,0
178702.53,50036.71,28.0,228739.24,0,0.0,17,170972.46,7730.07,4.52,57.4,0,0,0,0
101857.77,18334.4,18.0,120192.17,0,0.0,30,117033.5,15175.73,12.97,39.8,0,0,0,0
181470.21,32664.64,37.75,229857.13,0,0.0,10,194030.48,7412.92,12.02,38.1,0,1,0,1
135947.05,38065.17,28.0,174012.22,0,0.0,31,150627.8,14680.75,9.75,18.9,0,0,0,0
18735.33,5245.89,28.0,23981.22,0,0.0,3,20220.54,1485.21,7.35,39.4,0,0,0,0
128299.43,15395.93,12.0,143695.36,0,0.0,24,129034.57,735.14,0.57,46.0,0,0,0,0
109204.16,30577.16,28.0,139781.32,0,0.0,35,106804.1,2400.06,2.25,55.8,0,0,0,0
50397.91,9071.62,18.0,59469.53,1,0.0,3,50397.91,0.0,0.0,6.4,0,1,0,1
65473.98,11785.32,18.0,77259.3,0,0.0,30,69212.15,3738.17,5.4,35.6,0,0,0,0
35544.3,6397.97,18.0,41942.27,0,0.0,25,33679.19,1865.11,5.54,38.0,0,0,0,0
168621.91,30351.94,18.0,198973.85,0,0.94,20,168621.91,0.0,0.0,5.6,0,1,1,1
112859.93,20314.79,18.0,133174.72,0,0.0,40,101090.73,11769.2,11.64,40.5,0,0,0,0
103417.54,28956.91,28.0,132374.45,0,0.0,38,104348.04,930.5,0.89,32.5,0,0,0,0
115492.4,20788.63,18.0,136281.03,0,0.0,40,100114.78,15377.62,15.36,37.8,0,0,0,0
74731.55,13451.68,18.0,88183.23,0,0.0,7,85198.95,10467.4,12.29,27.6,0,0,0,0
119393.18,21490.77,18.0,140883.95,0,0.0,40,124885.38,5492.2,4.4,52.6,0,0,0,0
12965.25,648.26,5.0,13613.51,0,0.0,38,12156.75,808.5,6.65,57.5,0,0,0,0
51676.12,2583.81,5.0,54259.93,0,0.0,30,45148.29,6527.83,14.46,42.1,0,0,0,0
46484.25,8367.16,18.0,54851.41,2,0.0,4,46484.25,0.0,0.0,14.3,0,2,0,1
108566.48,13027.98,12.0,121594.46,0,0.0,13,113736.4,5169.92,4.55,47.4,0,0,0,0
84045.14,15128.13,18.0,99173.27,1,0.0,5,84045.14,0.0,0.0,45.9,0,1,0,1
24565.63,4421.81,12.25,53900.65,0,0.0,8,22418.56,5864.97,8.08,28.7,0,1,0,1
99081.51,11889.78,12.0,110971.29,0,0.0,32,101032.93,1951.42,1.93,49.8,0,0,0,0
44404.4,7992.79,18.0,52397.19,2,0.0,1,44404.4,0.0,0.0,87.7,0,2,0,1
33314.15,3997.7,12.0,37311.85,0,0.0,35,32320.33,993.82,3.07,30.2,0,0,0,0
55829.21,10049.26,18.0,65878.47,0,0.0,8,53255.99,2573.22,4.83,34.9,0,0,0,0
37742.25,10567.83,28.0,48310.08,0,0.0,6,41880.94,4138.69,9.88,57.8,0,0,0,0
5711.2,1028.02,18.0,6739.22,2,0.0,5,5711.2,0.0,0.0,55.3,0,2,0,1
73817.38,20668.87,28.0,94486.25,0,0.0,18,67509.19,6308.19,9.34,30.9,0,0,0,0
74410.61,8929.27,12.0,83339.88,0,0.0,38,70428.49,3982.12,5.65,27.7,0,0,0,0
63176.99,17689.56,28.0,80866.55,0,0.0,32,71380.88,8203.89,11.49,54.1,0,0,0,0
98223.58,11786.83,12.0,110010.41,0,0.0,11,102930.97,4707.39,4.57,57.6,0,0,0,0
91575.12,16483.52,18.0,108058.64,0,0.0,21,87117.84,4457.28,5.12,41.0,0,0,0,0
123356.65,34539.86,28.0,157896.51,0,0.0,38,118389.39,4967.26,4.2,50.6,0,0,0,0
815490.23,146788.24,18.0,962278.47,0,0.0,7,130768.47,684721.76,523.61,50.5,1,1,0,1
6872.62,1237.07,18.0,8109.69,2,0.0,2,6872.62,0.0,0.0,42.8,0,2,0,1
156019.21,28083.46,18.0,184102.67,0,0.91,8,156019.21,0.0,0.0,2.9,0,1,3,1
61042.7,10987.69,18.0,72030.39,2,0.0,4,61042.7,0.0,0.0,63.1,0,2,0,1
97041.44,27171.6,28.0,124213.04,0,0.0,3,103517.32,6475.88,6.26,33.4,0,0,0,0
72563.78,8707.65,12.0,81271.43,0,0.0,34,82682.61,10118.83,12.24,20.7,0,0,0,0
26677.75,1333.89,5.0,28011.64,0,0.0,18,25657.06,1020.69,3.98,41.7,0,0,0,0
90390.81,4519.54,5.0,94910.35,0,0.0,7,83198.51,7192.3,8.64,45.8,0,0,0,0
13040.01,3651.2,28.0,16691.21,0,0.0,4,11570.02,1469.99,12.71,53.6,0,0,0,0
696770.41,125418.67,18.0,822189.08,0,0.0,7,199033.46,497736.95,250.08,27.6,1,1,0,1
30553.51,5499.63,18.0,36053.14,1,0.0,5,30553.51,0.0,0.0,50.1,0,1,0,1
135022.3,24304.01,18.0,159326.31,0,0.85,11,135022.3,0.0,0.0,1.8,0,1,1,1
57052.85,2852.64,5.0,59905.49,0,0.0,11,53855.36,3197.49,5.94,25.7,0,0,0,0
230291.63,41452.49,18.0,271744.12,0,0.95,12,230291.63,0.0,0.0,5.7,0,1,1,1
111086.55,5554.33,5.0,116640.88,0,0.0,27,124400.43,13313.88,10.7,23.6,0,0,0,0
789453.57,142101.64,18.0,931555.21,0,0.0,2,163954.13,625499.44,381.51,25.8,1,1,0,1
20351.27,5698.36,28.0,26049.63,0,0.0,11,19858.17,493.1,2.48,43.9,0,0,0,0
40540.26,11351.27,28.0,51891.53,0,0.0,17,45544.79,5004.53,10.99,46.7,0,0,0,0
139325.23,6966.26,5.0,146291.49,0,0.0,33,156525.57,17200.34,10.99,44.1,0,0,0,0
133961.97,6698.1,5.0,140660.07,0,0.0,8,135955.03,1993.06,1.47,47.7,0,0,0,0
89990.8,25197.42,28.0,115188.22,0,0.0,29,83866.93,6123.87,7.3,49.0,0,0,0,0
93234.58,26105.68,28.0,119340.26,0,0.0,3,94083.88,849.3,0.9,17.2,0,0,0,0
12588.88,2266.0,18.0,14854.88,0,0.0,32,13130.23,541.35,4.12,16.4,0,0,0,0
77614.92,13970.69,18.0,91585.61,0,0.0,3,72558.44,5056.48,6.97,28.4,0,0,0,0
116627.19,32655.61,28.0,149282.8,0,0.0,9,129667.97,13040.78,10.06,40.8,0,0,0,0
1175032.07,211505.77,18.0,1386537.84,0,0.0,10,143121.85,1031910.22,721.0,19.0,1,1,0,1
87996.88,4399.84,5.0,92396.72,0,0.0,8,77258.54,10738.34,13.9,19.3,0,0,0,0
504570.46,90822.68,18.0,595393.14,0,0.0,5,175478.21,329092.25,187.54,35.2,1,1,0,1
167379.85,30128.37,18.0,197508.22,0,0.99,4,167379.85,0.0,0.0,3.5,0,1,3,1
175380.49,49106.54,28.0,224487.03,0,0.0,21,189888.37,14507.88,7.64,25.4,0,0,0,0
7582.62,379.13,5.0,7961.75,0,0.0,18,6823.55,759.07,11.12,36.9,0,0,0,0
13393.07,669.65,5.0,14062.72,0,0.0,4,11577.91,1815.16,15.68,20.2,0,0,0,0
103694.68,12443.36,12.0,116138.04,0,0.0,32,109899.72,6205.04,5.65,49.5,0,0,0,0
145103.69,7255.18,5.0,152358.87,0,0.0,18,131678.26,13425.43,10.2,39.1,0,0,0,0
106634.86,12796.18,12.0,119431.04,0,0.0,28,93033.49,13601.37,14.62,40.6,0,0,0,0
38412.95,6914.33,18.0,45327.28,0,0.86,6,38412.95,0.0,0.0,5.2,0,1,2,1
1184323.85,213178.29,18.0,1397502.14,0,0.0,2,111118.12,1073205.73,965.82,31.7,1,1,0,1
82577.69,14863.98,18.0,97441.67,1,0.0,3,82577.69,0.0,0.0,39.9,0,1,0,1
24138.47,2896.62,12.0,27035.09,0,0.0,18,24254.29,115.82,0.48,39.8,0,0,0,0
108639.73,13036.77,12.0,121676.5,0,0.0,38,93221.02,15418.71,16.54,47.7,0,0,0,0
116273.95,32556.71,28.0,148830.66,0,0.0,36,121150.01,4876.06,4.02,39.0,0,0,0,0
10046.95,1808.45,18.0,11855.4,0,0.81,11,10046.95,0.0,0.0,4.4,0,1,3,1
23621.89,4251.94,18.0,27873.83,0,0.0,35,24394.11,772.22,3.17,21.9,0,0,0,0
241022.15,43383.99,18.0,284406.14,0,0.84,16,241022.15,0.0,0.0,3.1,0,1,2,1
99912.06,17984.17,14.5,132190.21,0,0.0,15,98472.56,8710.96,13.95,38.1,0,1,0,1
85553.07,15399.55,18.0,100952.62,0,0.0,17,78441.65,7111.42,9.07,44.7,0,0,0,0
96696.99,4834.85,5.0,101531.84,0,0.0,9,89805.94,6891.05,7.67,22.0,0,0,0,0
31534.83,5676.27,18.0,37211.1,2,0.0,1,31534.83,0.0,0.0,30.7,0,2,0,1
168279.19,30290.25,18.0,198569.44,0,0.0,11,148551.48,19727.71,13.28,48.3,0,0,0,0
146872.98,26437.14,18.0,173310.12,0,0.0,30,132155.5,14717.48,11.14,21.3,0,0,0,0
143014.8,17161.78,12.0,160176.58,0,0.0,17,155893.06,12878.26,8.26,33.6,0,0,0,0
391335.65,70440.42,18.0,461776.07,0,0.0,8,179683.91,211651.74,117.79,32.7,1,1,0,1
15871.76,793.59,5.0,16665.35,0,0.0,32,14951.86,919.9,6.15,33.2,0,0,0,0
126068.1,15128.17,12.0,141196.27,0,0.0,11,111074.34,14993.76,13.5,44.6,0,0,0,0
157147.74,7857.39,5.0,165005.13,0,0.0,34,148691.64,8456.1,5.69,29.9,0,0,0,0
769373.39,138487.21,18.0,907860.6,0,0.0,8,129562.33,639811.06,493.82,43.0,1,1,0,1
5909.16,1063.65,18.0,6972.81,0,0.0,31,5660.83,248.33,4.39,27.1,0,0,0,0
93985.49,4699.27,5.0,98684.76,0,0.0,26,88596.35,5389.14,6.08,57.8,0,0,0,0
125200.0,15024.0,12.0,140224.0,0,0.0,26,122619.53,2580.47,2.1,57.7,0,0,0,0
87883.24,15818.98,18.0,103702.22,0,0.83,10,87883.24,0.0,0.0,4.3,0,1,2,1
69759.29,12556.67,18.0,82315.96,0,0.0,39,71773.04,2013.75,2.81,54.8,0,0,0,0
166977.34,8348.87,5.0,175326.21,0,0.0,14,188455.62,21478.28,11.4,29.2,0,0,0,0
99703.61,4985.18,5.0,104688.79,0,0.0,7,114244.5,14540.89,12.73,36.2,0,0,0,0
48669.65,2433.48,5.0,51103.13,0,0.0,25,45116.64,3553.01,7.88,19.9,0,0,0,0
10065.77,1811.84,18.0,11877.61,0,0.0,6,9441.8,623.97,6.61,31.9,0,0,0,0
179569.08,50279.34,28.0,229848.42,0,0.0,8,193348.25,13779.17,7.13,53.7,0,0,0,0
815657.7,146818.39,18.0,962476.09,0,0.0,4,159576.52,656081.18,411.14,39.2,1,1,0,1
907301.05,163314.19,18.0,1070615.24,0,0.0,5,99995.27,807305.78,807.34,28.2,1,1,0,1
69039.04,19330.93,28.0,88369.97,0,0.0,6,70494.69,1455.65,2.06,23.8,0,0,0,0
397118.91,71481.4,18.0,468600.31,0,0.0,4,96213.67,300905.24,312.75,15.6,1,1,0,1
59859.36,10774.68,18.0,70634.04,0,0.0,20,61751.84,1892.48,3.06,32.8,0,0,0,0
134168.39,24150.31,18.0,158318.7,0,0.0,40,115178.46,18989.93,16.49,46.5,0,0,0,0
163187.5,8159.38,5.0,171346.88,0,0.0,26,167226.86,4039.36,2.42,21.7,0,0,0,0
665818.5,119847.33,18.0,785665.83,0,0.0,5,197359.14,468459.36,237.36,25.0,1,1,0,1
163195.51,19583.46,12.0,182778.97,0,0.0,26,171925.17,8729.66,5.08,40.7,0,0,0,0
823545.01,148238.1,18.0,971783.11,0,0.0,3,137109.33,686435.68,500.65,35.3,1,1,0,1
147418.16,41277.08,28.0,188695.24,0,0.0,9,145200.47,2217.69,1.53,30.1,0,0,0,0
193644.63,34856.03,3.96,234618.22,0,0.0,4,187273.87,2086.71,6.41,24.5,0,1,0,1
56519.18,10173.45,18.0,66692.63,1,0.0,4,56519.18,0.0,0.0,31.2,0,1,0,1
147923.07,26626.15,18.0,174549.22,0,0.0,4,144146.46,3776.61,2.62,32.8,0,0,0,0
38321.74,1916.09,5.0,40237.83,0,0.0,30,36646.67,1675.07,4.57,33.5,0,0,0,0
152574.69,27463.44,18.0,180038.13,0,0.0,38,159318.89,6744.2,4.23,42.4,0,0,0,0
46708.3,8407.49,18.0,55115.79,2,0.0,4,46708.3,0.0,0.0,2.9,0,2,0,1
173260.15,31186.83,7.7,212115.35,0,0.0,6,165470.97,3312.6,12.41,31.1,0,1,0,1
158311.55,28496.08,18.0,186807.63,0,0.81,2,158311.55,0.0,0.0,0.9,0,1,3,1
135974.7,24475.45,18.0,160450.15,0,0.0,38,150688.83,14714.13,9.76,47.0,0,0,0,0
33795.27,9462.68,28.0,43257.95,0,0.0,21,36295.03,2499.76,6.89,30.2,0,0,0,0
40198.59,7235.75,18.0,47434.34,0,0.85,19,40198.59,0.0,0.0,5.6,0,1,2,1
76407.73,3820.39,5.0,80228.12,0,0.0,8,73059.11,3348.62,4.58,19.2,0,0,0,0
156812.11,43907.39,28.0,200719.5,0,0.0,36,147326.03,9486.08,6.44,17.4,0,0,0,0
171303.95,47965.11,28.0,219269.06,0,0.0,38,187938.68,16634.73,8.85,59.2,0,0,0,0
19949.49,3590.91,18.0,23540.4,1,0.0,4,19949.49,0.0,0.0,86.8,0,1,0,1
29578.61,8282.01,28.0,37860.62,0,0.0,9,27398.28,2180.33,7.96,23.8,0,0,0,0
31113.08,8711.66,28.0,39824.74,0,0.0,14,33487.78,2374.7,7.09,36.3,0,0,0,0
50115.87,2505.79,5.0,52621.66,0,0.0,3,51288.39,1172.52,2.29,20.3,0,0,0,0
64816.44,18148.6,28.0,82965.04,0,0.0,13,69327.37,4510.93,6.51,39.6,0,0,0,0
7214.13,2019.96,28.0,9234.09,0,0.0,34,6360.42,853.71,13.42,58.2,0,0,0,0
110511.36,5525.57,5.0,116036.93,0,0.0,15,120611.57,10100.21,8.37,41.4,0,0,0,0
47770.48,8598.69,18.0,56369.17,1,0.0,2,47770.48,0.0,0.0,45.9,0,1,0,1
207180.17,37292.43,18.0,244472.6,0,0.96,6,207180.17,0.0,0.0,3.4,0,1,1,1
118606.55,14232.79,12.0,132839.34,0,0.0,38,125493.81,6887.26,5.49,56.8,0,0,0,0
74443.56,13399.84,18.0,87843.4,2,0.0,5,74443.56,0.0,0.0,58.4,0,2,0,1
26237.75,3148.53,12.0,29386.28,0,0.0,32,27556.81,1319.06,4.79,59.5,0,0,0,0
139744.26,25153.97,18.0,164898.23,0,0.0,32,147357.3,7613.04,5.17,55.3,0,0,0,0
146877.26,26437.91,35.26,187773.37,0,0.0,4,161014.24,3147.69,6.14,26.7,0,1,0,1
82935.82,14928.45,18.0,97864.27,1,0.0,5,82935.82,0.0,0.0,57.1,0,1,0,1
12110.99,2179.98,18.0,14290.97,0,0.0,38,11254.4,856.59,7.61,22.2,0,0,0,0
34269.36,1713.47,5.0,35982.83,0,0.0,17,32131.88,2137.48,6.65,27.4,0,0,0,0
122280.66,6114.03,5.0,128394.69,0,0.0,13,123533.05,1252.39,1.01,26.0,0,0,0,0
55240.87,6628.9,12.0,61869.77,0,0.0,11,59646.24,4405.37,7.39,59.0,0,0,0,0
26323.46,3158.82,12.0,29482.28,0,0.0,29,27420.77,1097.31,4.0,43.0,0,0,0,0
133463.41,16015.61,12.0,149479.02,0,0.0,10,128121.86,5341.55,4.17,44.3,0,0,0,0
801854.99,144333.9,18.0,946188.89,0,0.0,9,185707.59,616147.4,331.78,53.1,1,1,0,1
32354.79,5823.86,18.0,38178.65,2,0.0,5,32354.79,0.0,0.0,10.8,0,2,0,1
75593.54,9071.22,12.0,84664.76,0,0.0,17,80745.29,5151.75,6.38,20.9,0,0,0,0
66791.85,3339.59,5.0,70131.44,0,0.0,19,61747.55,5044.3,8.17,19.2,0,0,0,0
150625.06,42175.02,28.0,192800.08,0,0.0,21,151025.96,400.9,0.27,27.3,0,0,0,0
144643.84,17357.26,12.0,162001.1,0,0.0,3,146735.92,2092.08,1.43,23.5,0,0,0,0
53322.64,9598.08,6.61,80085.34,0,0.0,15,51774.39,4416.54,7.14,18.0,0,1,0,1
48355.15,13539.44,28.0,61894.59,0,0.0,31,48704.3,349.15,0.72,42.4,0,0,0,0
156228.67,43744.03,28.0,199972.7,0,0.0,18,177914.11,21685.44,12.19,55.6,0,0,0,0
26248.76,4724.78,18.0,30973.54,1,0.0,3,26248.76,0.0,0.0,27.6,0,1,0,1
222079.28,39974.27,18.0,262053.55,0,0.85,11,222079.28,0.0,0.0,6.9,0,1,1,1
153768.59,43055.21,28.0,196823.8,0,0.0,16,175363.63,21595.04,12.31,52.1,0,0,0,0
221811.63,39926.09,18.0,261737.72,0,0.82,12,221811.63,0.0,0.0,5.0,0,1,3,1
158761.52,44453.23,28.0,203214.75,0,0.0,7,170520.55,11759.03,6.9,21.9,0,0,0,0
1160577.35,208903.92,18.0,1369481.27,0,0.0,1,151304.51,1009272.84,667.05,26.5,1,1,0,1
6540.65,1177.32,18.0,7717.97,0,0.0,31,6031.16,509.49,8.45,43.9,0,0,0,0
65600.43,11808.08,42.26,89615.44,0,0.0,12,64989.61,9957.23,12.69,34.2,0,1,0,1
21334.5,3840.21,18.0,25174.71,0,0.0,19,18661.85,2672.65,14.32,44.9,0,0,0,0
64530.71,11615.53,18.0,76146.24,0,0.0,30,57912.91,6617.8,11.43,15.1,0,0,0,0
87530.96,4376.55,5.0,91907.51,0,0.0,11,88021.57,490.61,0.56,40.2,0,0,0,0
458883.75,82599.07,18.0,541482.82,0,0.0,3,141963.91,316919.84,223.24,52.3,1,1,0,1
23811.99,2857.44,12.0,26669.43,0,0.0,19,25437.22,1625.23,6.39,49.4,0,0,0,0
170407.92,8520.4,5.0,178928.32,0,0.0,3,165929.2,4478.72,2.7,52.9,0,0,0,0
166068.63,46499.22,28.0,212567.85,0,0.0,37,142990.0,23078.63,16.14,58.6,0,0,0,0
27083.53,4875.04,18.0,31958.57,0,0.0,27,31102.41,4018.88,12.92,38.9,0,0,0,0
234691.66,42244.5,18.0,276936.16,0,0.83,3,234691.66,0.0,0.0,5.3,0,1,3,1
651176.18,117211.71,18.0,768387.89,0,0.0,1,135158.75,516017.43,381.79,18.8,1,1,0,1
230567.88,41502.22,18.0,272070.1,0,0.94,6,230567.88,0.0,0.0,3.5,0,1,3,1
46818.68,8427.36,18.0,55246.04,2,0.0,2,46818.68,0.0,0.0,1.0,0,2,0,1
81977.7,14755.99,18.0,96733.69,0,0.0,18,76363.42,5614.28,7.35,29.4,0,0,0,0
246119.35,44301.48,18.0,290420.83,0,0.81,14,246119.35,0.0,0.0,3.9,0,1,3,1
51155.38,9207.97,33.79,77433.87,0,0.0,13,51914.41,5379.67,10.92,26.2,0,1,0,1
130784.09,6539.2,5.0,137323.29,0,0.0,21,115639.78,15144.31,13.1,19.8,0,0,0,0
234104.45,42138.8,18.0,276243.25,0,0.98,10,234104.45,0.0,0.0,1.5,0,1,1,1
49169.8,2458.49,5.0,51628.29,0,0.0,28,54552.57,5382.77,9.87,52.1,0,0,0,0
1176566.91,211782.04,18.0,1388348.95,0,0.0,6,113720.08,1062846.83,934.62,56.3,1,1,0,1
51770.75,9318.73,18.0,61089.48,1,0.0,1,51770.75,0.0,0.0,70.0,0,1,0,1
133270.24,37315.67,28.0,170585.91,0,0.0,32,131085.59,2184.65,1.67,49.9,0,0,0,0
125099.92,6255.0,5.0,131354.92,0,0.0,40,128331.95,3232.03,2.52,56.3,0,0,0,0
35572.82,1778.64,5.0,37351.46,0,0.0,21,34081.05,1491.77,4.38,45.5,0,0,0,0
882275.17,158809.53,18.0,1041084.7,0,0.0,2,164074.02,718201.15,437.73,36.7,1,1,0,1
53710.35,2685.52,5.0,56395.87,0,0.0,39,47293.34,6417.01,13.57,54.2,0,0,0,0
171963.9,8598.19,5.0,180562.09,0,0.0,32,190847.2,18883.3,9.89,49.8,0,0,0,0
13126.56,2362.78,18.0,15489.34,0,0.0,9,13928.87,802.31,5.76,38.5,0,0,0,0
144054.76,7202.74,5.0,151257.5,0,0.0,28,144729.52,674.76,0.47,27.5,0,0,0,0
79090.61,22145.37,28.0,101235.98,0,0.0,15,90889.41,11798.8,12.98,43.2,0,0,0,0
92110.66,16579.92,43.23,124865.12,0,0.0,3,89630.22,8680.08,8.4,39.4,0,1,0,1
75857.47,13654.34,18.0,89511.81,1,0.0,5,75857.47,0.0,0.0,3.8,0,1,0,1
90219.99,4511.0,5.0,94730.99,0,0.0,14,94159.49,3939.5,4.18,18.7,0,0,0,0
173957.9,31312.42,18.0,205270.32,0,0.0,37,188290.71,14332.81,7.61,35.9,0,0,0,0
125156.98,15018.84,12.0,140175.82,0,0.0,14,125303.17,146.19,0.12,46.2,0,0,0,0
96342.44,17341.64,18.54,134365.79,0,0.0,5,90288.11,6441.16,10.78,39.6,0,1,0,1
49411.09,8894.0,18.0,58305.09,0,0.0,39,47103.93,2307.16,4.9,46.7,0,0,0,0
121932.98,21947.94,18.0,143880.92,0,0.0,4,121724.71,208.27,0.17,29.6,0,0,0,0
52089.63,14585.1,28.0,66674.73,0,0.0,35,44589.54,7500.09,16.82,50.1,0,0,0,0
16727.09,4683.59,28.0,21410.68,0,0.0,38,16212.0,515.09,3.18,29.7,0,0,0,0
5906.75,708.81,12.0,6615.56,0,0.0,29,6177.68,270.93,4.39,54.6,0,0,0,0
109518.13,13142.18,12.0,122660.31,0,0.0,13,99032.18,10485.95,10.59,46.2,0,0,0,0
33508.8,4021.06,12.0,37529.86,0,0.0,17,34990.36,1481.56,4.23,45.5,0,0,0,0
24568.05,4422.25,18.0,28990.3,0,0.91,15,24568.05,0.0,0.0,5.8,0,1,3,1
139517.54,25113.16,18.0,164630.7,0,0.0,40,152267.53,12749.99,8.37,55.9,0,0,0,0
78341.27,14101.43,18.0,92442.7,0,0.0,26,86668.78,8327.51,9.61,27.6,0,0,0,0
92998.82,11159.86,12.0,104158.68,0,0.0,6,105854.39,12855.57,12.14,18.6,0,0,0,0
947735.64,170592.42,18.0,1118328.06,0,0.0,10,165014.38,782721.26,474.34,22.8,1,1,0,1
217021.04,39063.79,18.0,256084.83,0,0.86,18,217021.04,0.0,0.0,6.4,0,1,2,1
140580.26,39362.47,28.0,179942.73,0,0.0,8,135564.54,5015.72,3.7,27.9,0,0,0,0
127654.36,6382.72,5.0,134037.08,0,0.0,25,144047.01,16392.65,11.38,19.8,0,0,0,0
12698.12,2285.66,18.0,14983.78,1,0.0,1,12698.12,0.0,0.0,34.6,0,1,0,1
6137.28,736.47,12.0,6873.75,0,0.0,30,5843.15,294.13,5.03,22.0,0,0,0,0
52498.77,9449.78,18.0,61948.55,0,0.99,16,52498.77,0.0,0.0,6.1,0,1,2,1
1135510.86,204391.95,18.0,1339902.81,0,0.0,7,142036.72,993474.14,699.45,54.6,1,1,0,1
62483.4,7498.01,12.0,69981.41,0,0.0,36,54862.67,7620.73,13.89,45.2,0,0,0,0
584359.61,105184.73,18.0,689544.34,0,0.0,7,109838.42,474521.19,432.02,24.8,1,1,0,1
42344.28,7621.97,18.0,49966.25,2,0.0,4,42344.28,0.0,0.0,23.9,0,2,0,1
160322.0,44890.16,28.0,205212.16,0,0.0,20,138513.17,21808.83,15.74,18.3,0,0,0,0
63413.01,11414.34,18.0,74827.35,0,0.93,8,63413.01,0.0,0.0,5.4,0,1,1,1
97708.79,17587.58,28.88,130460.3,0,0.0,13,95418.29,4434.09,10.45,33.2,0,1,0,1
15056.03,1806.72,12.0,16862.75,0,0.0,34,14780.38,275.65,1.86,24.1,0,0,0,0
939853.13,169173.56,18.0,1109026.69,0,0.0,8,117673.56,822179.57,698.7,47.9,1,1,0,1
170883.27,8544.16,5.0,179427.43,0,0.0,28,163875.92,7007.35,4.28,51.0,0,0,0,0
49312.5,8876.25,15.75,60593.0,0,0.0,13,45717.59,2469.78,7.73,24.7,0,1,0,1
82894.46,4144.72,5.0,87039.18,0,0.0,23,87068.36,4173.9,4.79,46.9,0,0,0,0
35658.38,9984.35,28.0,45642.73,0,0.0,20,32251.11,3407.27,10.56,41.3,0,0,0,0
25984.87,3118.18,12.0,29103.05,0,0.0,22,28529.2,2544.33,8.92,46.4,0,0,0,0
51482.54,6177.9,12.0,57660.44,0,0.0,22,50821.88,660.66,1.3,56.8,0,0,0,0
75094.22,13516.96,18.0,88611.18,2,0.0,5,75094.22,0.0,0.0,45.4,0,2,0,1
43805.74,7885.03,18.0,51690.77,0,0.0,25,48140.98,4335.24,9.01,58.4,0,0,0,0
101350.84,5067.54,5.0,106418.38,0,0.0,13,97979.01,3371.83,3.44,43.6,0,0,0,0
58102.07,10458.37,24.49,85252.84,0,0.0,12,62403.95,5829.05,12.41,18.2,0,1,0,1
17102.77,4788.78,28.0,21891.55,0,0.0,34,15251.46,1851.31,12.14,28.6,0,0,0,0
68331.59,12299.69,18.0,80631.28,0,0.92,6,68331.59,0.0,0.0,6.1,0,1,2,1
36077.15,10101.6,28.0,46178.75,0,0.0,40,36632.74,555.59,1.52,30.5,0,0,0,0
158046.9,18965.63,12.0,177012.53,0,0.0,25,139964.75,18082.15,12.92,59.7,0,0,0,0
90655.28,16317.95,18.0,106973.23,0,0.0,29,87260.39,3394.89,3.89,18.4,0,0,0,0
175166.45,8758.32,5.0,183924.77,0,0.0,31,173370.99,1795.46,1.04,38.3,0,0,0,0
31747.23,3809.67,12.0,35556.9,0,0.0,30,32665.45,918.22,2.81,32.3,0,0,0,0
114670.21,13760.43,12.0,128430.64,0,0.0,17,121327.67,6657.46,5.49,30.5,0,0,0,0
28154.57,7883.28,28.0,36037.85,0,0.0,18,30558.57,2404.0,7.87,51.3,0,0,0,0
54625.02,9832.5,18.0,64457.52,0,0.82,10,54625.02,0.0,0.0,1.3,0,1,2,1
79562.53,14321.26,18.0,93883.79,0,0.0,19,88035.39,8472.86,9.62,34.1,0,0,0,0
739865.49,133175.79,18.0,873041.28,0,0.0,10,163016.75,576848.74,353.86,46.3,1,1,0,1
45978.27,8276.09,18.0,54254.36,0,0.0,39,47328.9,1350.63,2.85,45.3,0,0,0,0
203326.09,36598.7,18.0,239924.79,0,0.89,8,203326.09,0.0,0.0,0.6,0,1,2,1
68192.19,12274.59,18.0,80466.78,0,0.0,11,65877.17,2315.02,3.51,52.8,0,0,0,0
16930.88,2031.71,12.0,18962.59,0,0.0,29,17149.7,218.82,1.28,33.2,0,0,0,0
146841.97,26431.55,29.07,195664.14,0,0.0,13,152697.01,6546.84,8.12,38.6,0,1,0,1
135515.84,16261.9,12.0,151777.74,0,0.0,24,146863.31,11347.47,7.73,18.4,0,0,0,0
40282.24,7250.8,38.28,52114.26,0,0.0,9,40262.22,2437.84,14.23,11.9,0,1,0,1
90258.32,16246.5,18.0,106504.82,0,0.0,25,80191.32,10067.0,12.55,44.5,0,0,0,0
155961.4,28073.05,18.0,184034.45,0,0.0,27,161169.35,5207.95,3.23,41.4,0,0,0,0
5201.44,1456.4,28.0,6657.84,0,0.0,29,4505.81,695.63,15.44,38.3,0,0,0,0
131135.04,23604.31,18.0,154739.35,0,0.84,11,131135.04,0.0,0.0,5.6,0,1,1,1
59927.74,7191.33,12.0,67119.07,0,0.0,39,55776.11,4151.63,7.44,57.6,0,0,0,0
37354.21,10459.18,28.0,47813.39,0,0.0,26,33841.98,3512.23,10.38,17.0,0,0,0,0
27562.89,7717.61,28.0,35280.5,0,0.0,35,28296.1,733.21,2.59,22.5,0,0,0,0
81122.0,9734.64,12.0,90856.64,0,0.0,18,76052.1,5069.9,6.67,53.3,0,0,0,0
36378.4,6548.11,18.0,42926.51,1,0.0,4,36378.4,0.0,0.0,43.8,0,1,0,1
50979.78,14274.34,28.0,65254.12,0,0.0,40,49441.22,1538.56,3.11,24.9,0,0,0,0
131224.76,23620.46,18.0,154845.22,0,0.0,10,140786.36,9561.6,6.79,57.8,0,0,0,0
196243.98,35323.92,18.0,231567.9,0,0.85,4,196243.98,0.0,0.0,4.8,0,1,3,1
132049.68,23768.94,18.0,155818.62,0,0.94,12,132049.68,0.0,0.0,3.7,0,1,3,1
5385.13,969.32,18.0,6354.45,1,0.0,2,5385.13,0.0,0.0,37.8,0,1,0,1
28127.96,5063.03,18.0,33190.99,0,0.0,36,28143.1,15.14,0.05,27.3,0,0,0,0
155554.16,27999.75,19.48,201189.75,0,0.0,5,144127.52,3662.11,11.48,13.2,0,1,0,1
248964.59,44813.63,18.0,293778.22,0,1.0,6,248964.59,0.0,0.0,4.8,0,1,3,1
67858.64,12214.56,18.0,80073.2,1,0.0,5,67858.64,0.0,0.0,89.9,0,1,0,1
706738.36,127212.9,18.0,833951.26,0,0.0,10,110516.71,596221.65,539.49,12.8,1,1,0,1
133449.12,24020.84,18.0,157469.96,0,0.0,11,120546.26,12902.86,10.7,15.1,0,0,0,0
145810.79,26245.94,18.0,172056.73,0,0.0,37,130849.54,14961.25,11.43,34.9,0,0,0,0
148909.72,26803.75,18.0,175713.47,0,0.0,23,131156.61,17753.11,13.54,29.8,0,0,0,0
89806.56,10776.79,12.0,100583.35,0,0.0,27,102303.03,12496.47,12.22,37.7,0,0,0,0
839497.88,151109.62,18.0,990607.5,0,0.0,6,194146.38,645351.5,332.4,17.7,1,1,0,1
338545.31,60938.16,18.0,399483.47,0,0.0,10,196016.62,142528.69,72.71,11.7,1,1,0,1
545673.04,98221.15,18.0,643894.19,0,0.0,7,152147.87,393525.17,258.65,21.9,1,1,0,1
104074.87,29140.96,28.0,133215.83,0,0.0,24,116381.35,12306.48,10.57,49.3,0,0,0,0
81328.55,14639.14,27.41,116501.67,0,0.0,14,89139.43,6104.9,8.42,34.3,0,1,0,1
74933.11,13487.96,18.0,88421.07,0,0.0,30,66074.77,8858.34,13.41,19.4,0,0,0,0
10052.15,1206.26,12.0,11258.41,0,0.0,13,9481.44,570.71,6.02,15.6,0,0,0,0
85467.8,15384.2,10.61,106630.07,0,0.0,15,93854.95,2104.86,13.38,35.4,0,1,0,1
85299.07,15353.83,18.0,100652.9,0,0.0,11,78815.34,6483.73,8.23,40.3,0,0,0,0
88203.98,15876.72,30.39,116943.78,0,0.0,3,83222.43,2250.25,10.81,36.4,0,1,0,1
84340.07,4217.0,5.0,88557.07,0,0.0,22,88542.22,4202.15,4.75,44.6,0,0,0,0
110199.84,5509.99,5.0,115709.83,0,0.0,17,102013.88,8185.96,8.02,51.2,0,0,0,0
560561.14,100901.01,18.0,661462.15,0,0.0,9,147971.4,412589.74,278.83,33.8,1,1,0,1
20537.46,3696.74,18.0,24234.2,0,0.83,12,20537.46,0.0,0.0,4.2,0,1,3,1
963759.79,173476.76,18.0,1137236.55,0,0.0,10,168118.35,795641.44,473.26,16.5,1,1,0,1
45899.2,8261.86,18.0,54161.06,0,0.9,9,45899.2,0.0,0.0,1.5,0,1,3,1
27287.0,4911.66,18.0,32198.66,2,0.0,5,27287.0,0.0,0.0,52.8,0,2,0,1
132266.09,37034.51,28.0,169300.6,0,0.0,10,143224.57,10958.48,7.65,25.7,0,0,0,0
112456.3,13494.76,12.0,125951.06,0,0.0,35,100323.53,12132.77,12.09,22.2,0,0,0,0
136299.74,6814.99,5.0,143114.73,0,0.0,21,140405.5,4105.76,2.92,30.8,0,0,0,0
68521.63,12333.89,18.0,80855.52,0,0.0,18,59434.12,9087.51,15.29,54.5,0,0,0,0
144113.86,7205.69,5.0,151319.55,0,0.0,26,163971.21,19857.35,12.11,35.7,0,0,0,0
91521.69,16473.9,18.0,107995.59,2,0.0,1,91521.69,0.0,0.0,1.1,0,2,0,1
138421.67,24915.9,18.0,163337.57,0,0.0,25,117911.97,20509.7,17.39,54.1,0,0,0,0
156171.43,7808.57,5.0,163980.0,0,0.0,9,135585.51,20585.92,15.18,47.8,0,0,0,0
172422.84,31036.11,18.0,203458.95,0,0.0,38,149342.43,23080.41,15.45,48.5,0,0,0,0
146541.17,26377.41,18.0,172918.58,0,0.99,7,146541.17,0.0,0.0,1.8,0,1,2,1
170020.61,20402.47,12.0,190423.08,0,0.0,31,185204.41,15183.8,8.2,52.4,0,0,0,0
494474.26,89005.37,18.0,583479.63,0,0.0,3,164151.34,330322.92,201.23,12.5,1,1,0,1
79887.55,14379.76,18.0,94267.31,2,0.0,1,79887.55,0.0,0.0,32.4,0,2,0,1
96720.59,27081.77,28.0,123802.36,0,0.0,11,92157.3,4563.29,4.95,55.6,0,0,0,0
75348.72,13562.77,18.0,88911.49,1,0.0,5,75348.72,0.0,0.0,4.7,0,1,0,1
55066.25,9911.92,18.0,64978.17,0,0.0,29,51169.82,3896.43,7.61,44.5,0,0,0,0
42523.01,7654.14,18.0,50177.15,1,0.0,2,42523.01,0.0,0.0,46.0,0,1,0,1
932443.46,167839.82,18.0,1100283.28,0,0.0,6,150558.71,781884.75,519.32,28.9,1,1,0,1
49267.57,8868.16,41.58,66373.16,0,0.0,8,53515.11,7916.66,14.48,42.5,0,1,0,1
511847.38,92132.53,18.0,603979.91,0,0.0,4,92817.68,419029.7,451.45,58.5,1,1,0,1
27075.8,4873.64,18.0,31949.44,2,0.0,1,27075.8,0.0,0.0,72.8,0,2,0,1
122002.48,21960.45,18.0,143962.93,0,0.0,27,120892.53,1109.95,0.92,35.5,0,0,0,0
151076.69,42301.47,28.0,193378.16,0,0.0,18,149118.12,1958.57,1.31,21.5,0,0,0,0
231249.16,41624.85,18.0,272874.01,0,0.87,15,231249.16,0.0,0.0,3.2,0,1,1,1
189532.1,34115.78,16.96,247418.88,0,0.0,4,202994.11,8027.22,11.13,27.7,0,1,0,1
12601.7,3528.48,28.0,16130.18,0,0.0,17,14259.16,1657.46,11.62,36.7,0,0,0,0
496066.28,89291.93,18.0,585358.21,0,0.0,10,116665.7,379400.58,325.2,14.1,1,1,0,1
115549.63,13865.96,12.0,129415.59,0,0.0,13,120422.84,4873.21,4.05,56.8,0,0,0,0
217277.84,39110.01,18.0,256387.85,0,0.84,5,217277.84,0.0,0.0,2.0,0,1,2,1
55438.11,15522.67,28.0,70960.78,0,0.0,38,47732.72,7705.39,16.14,19.0,0,0,0,0
15257.24,2746.3,18.0,18003.54,1,0.0,1,15257.24,0.0,0.0,51.0,0,1,0,1
165784.52,29841.21,18.0,195625.73,0,0.0,11,175802.54,10018.02,5.7,21.0,0,0,0,0
119496.01,21509.28,19.7,147518.15,0,0.0,10,119238.22,9960.98,10.92,39.3,0,1,0,1
670995.48,120779.19,18.0,791774.67,0,0.0,7,101361.3,569634.18,561.98,14.5,1,1,0,1
50527.35,9094.92,18.0,59622.27,0,0.0,16,49840.67,686.68,1.38,30.2,0,0,0,0
118273.72,33116.64,28.0,151390.36,0,0.0,29,131855.51,13581.79,10.3,36.6,0,0,0,0
860203.65,154836.66,18.0,1015040.31,0,0.0,7,132092.71,728110.94,551.21,14.6,1,1,0,1
123541.29,22237.43,31.44,151750.23,0,0.0,11,132951.36,7621.85,5.55,43.1,0,1,0,1
159151.23,19098.15,12.0,178249.38,0,0.0,26,148885.37,10265.86,6.9,34.7,0,0,0,0
61185.19,3059.26,5.0,64244.45,0,0.0,13,58061.14,3124.05,5.38,46.2,0,0,0,0
158161.43,7908.07,5.0,166069.5,0,0.0,5,172845.68,14684.25,8.5,33.9,0,0,0,0
63639.58,11455.12,18.0,75094.7,1,0.0,3,63639.58,0.0,0.0,51.6,0,1,0,1
27036.68,3244.4,12.0,30281.08,0,0.0,7,29711.83,2675.15,9.0,39.9,0,0,0,0
48628.8,8753.18,18.0,57381.98,2,0.0,2,48628.8,0.0,0.0,87.2,0,2,0,1
159979.09,28796.24,22.94,190150.46,0,0.0,2,144212.32,9335.23,12.07,30.8,0,1,0,1
113240.96,20383.37,18.0,133624.33,0,0.0,39,102787.3,10453.66,10.17,18.1,0,0,0,0
118212.61,21278.27,18.0,139490.88,0,0.84,20,118212.61,0.0,0.0,6.3,0,1,1,1
335765.39,60437.77,18.0,396203.16,0,0.0,1,127392.06,208373.33,163.57,18.6,1,1,0,1
68789.38,12382.09,36.57,104810.14,0,0.0,11,65278.72,1641.19,11.13,21.9,0,1,0,1
48128.71,2406.44,5.0,50535.15,0,0.0,8,44778.55,3350.16,7.48,32.1,0,0,0,0
18427.93,921.4,5.0,19349.33,0,0.0,35,17789.31,638.62,3.59,41.1,0,0,0,0
159378.36,44625.94,28.0,204004.3,0,0.0,28,147420.02,11958.34,8.11,47.2,0,0,0,0
1082853.78,194913.68,18.0,1277767.46,0,0.0,2,94838.51,988015.27,1041.79,20.2,1,1,0,1
160346.07,28862.29,18.0,189208.36,0,0.0,40,161353.16,1007.09,0.62,35.3,0,0,0,0
32873.17,5917.17,18.0,38790.34,2,0.0,3,32873.17,0.0,0.0,70.5,0,2,0,1
116683.37,5834.17,5.0,122517.54,0,0.0,33,128717.01,12033.64,9.35,28.9,0,0,0,0
39835.13,11153.84,28.0,50988.97,0,0.0,35,34340.93,5494.2,16.0,16.8,0,0,0,0
679501.21,122310.22,18.0,801811.43,0,0.0,5,97513.14,581988.07,596.83,58.8,1,1,0,1
73592.65,3679.63,5.0,77272.28,0,0.0,22,74893.52,1300.87,1.74,44.0,0,0,0,0
116087.33,32504.45,28.0,148591.78,0,0.0,8,115042.91,1044.42,0.91,33.4,0,0,0,0
178372.61,49944.33,28.0,228316.94,0,0.0,40,173064.51,5308.1,3.07,37.8,0,0,0,0
105104.07,29429.14,28.0,134533.21,0,0.0,5,94768.13,10335.94,10.91,33.1,0,0,0,0
81993.11,14758.76,18.0,96751.87,2,0.0,2,81993.11,0.0,0.0,76.4,0,2,0,1
79055.85,14230.05,18.0,93285.9,2,0.0,4,79055.85,0.0,0.0,9.7,0,2,0,1
96674.49,17401.41,18.0,114075.9,0,0.0,39,100373.24,3698.75,3.68,37.3,0,0,0,0
206571.94,37182.95,18.0,243754.89,0,0.84,17,206571.94,0.0,0.0,5.5,0,1,1,1
37717.97,6789.23,18.0,44507.2,0,0.0,15,37237.64,480.33,1.29,26.8,0,0,0,0
71337.05,12840.67,18.0,84177.72,2,0.0,1,71337.05,0.0,0.0,44.4,0,2,0,1
135299.94,24353.99,7.34,175931.39,0,0.0,12,145926.03,4754.41,9.92,34.1,0,1,0,1
127453.39,22941.61,18.0,150395.0,0,0.0,35,128982.13,1528.74,1.19,34.7,0,0,0,0
45191.21,12653.54,28.0,57844.75,0,0.0,25,40515.57,4675.64,11.54,23.5,0,0,0,0
127186.34,22893.54,18.0,150079.88,0,0.98,20,127186.34,0.0,0.0,5.8,0,1,1,1
36902.6,6642.47,18.0,43545.07,1,0.0,1,36902.6,0.0,0.0,40.9,0,1,0,1
58455.45,10521.98,18.0,68977.43,0,0.0,30,65390.89,6935.44,10.61,53.3,0,0,0,0
113533.63,20436.05,18.0,133969.68,0,0.0,31,107904.73,5628.9,5.22,51.7,0,0,0,0
145338.09,17440.57,12.0,162778.66,0,0.0,15,150609.12,5271.03,3.5,45.5,0,0,0,0
110641.87,19915.54,4.34,141707.71,0,0.0,7,107216.99,5376.04,10.27,14.3,0,1,0,1
824698.21,148445.68,18.0,973143.89,0,0.0,10,176552.36,648145.85,367.11,47.1,1,1,0,1
166181.69,19941.8,12.0,186123.49,0,0.0,39,146444.8,19736.89,13.48,37.3,0,0,0,0
142869.9,17144.39,12.0,160014.29,0,0.0,30,126358.84,16511.06,13.07,25.1,0,0,0,0
118335.67,14200.28,12.0,132535.95,0,0.0,15,111028.83,7306.84,6.58,23.0,0,0,0,0
137574.55,24763.42,18.0,162337.97,0,0.84,18,137574.55,0.0,0.0,6.8,0,1,3,1
86246.82,15524.43,18.0,101771.25,0,0.0,29,76328.68,9918.14,12.99,17.0,0,0,0,0
16163.67,4525.83,28.0,20689.5,0,0.0,38,14000.12,2163.55,15.45,49.7,0,0,0,0
70443.26,19724.11,28.0,90167.37,0,0.0,8,67799.79,2643.47,3.9,16.3,0,0,0,0
35640.6,9979.37,28.0,45619.97,0,0.0,33,37049.14,1408.54,3.8,51.5,0,0,0,0
70069.55,12612.52,18.0,82682.07,2,0.0,4,70069.55,0.0,0.0,75.1,0,2,0,1
73785.26,8854.23,12.0,82639.49,0,0.0,17,81196.73,7411.47,9.13,49.0,0,0,0,0
19982.27,5595.04,28.0,25577.31,0,0.0,34,20313.03,330.76,1.63,25.8,0,0,0,0
820592.6,147706.67,18.0,968299.27,0,0.0,9,138866.45,681726.15,490.92,44.3,1,1,0,1
53954.52,9711.81,18.0,63666.33,0,0.0,16,53038.1,916.42,1.73,57.8,0,0,0,0
16214.08,1945.69,12.0,18159.77,0,0.0,26,14171.3,2042.78,14.41,16.7,0,0,0,0
115814.32,13897.72,12.0,129712.04,0,0.0,25,110640.89,5173.43,4.68,58.1,0,0,0,0
38432.06,6917.77,18.0,45349.83,2,0.0,3,38432.06,0.0,0.0,27.2,0,2,0,1
65023.01,11704.14,18.0,76727.15,1,0.0,4,65023.01,0.0,0.0,47.3,0,1,0,1
136289.22,24532.06,27.51,169652.63,0,0.0,13,137111.49,5936.22,9.58,29.9,0,1,0,1
92941.08,16729.39,18.0,109670.47,0,0.0,10,96808.67,3867.59,4.0,57.3,0,0,0,0
1070064.33,192611.58,18.0,1262675.91,0,0.0,7,99552.88,970511.45,974.87,24.2,1,1,0,1
124543.78,14945.25,12.0,139489.03,0,0.0,34,133403.04,8859.26,6.64,25.6,0,0,0,0
119574.77,14348.97,12.0,133923.74,0,0.0,30,117836.93,1737.84,1.47,25.3,0,0,0,0
113192.79,31693.98,28.0,144886.77,0,0.0,5,109654.14,3538.65,3.23,54.6,0,0,0,0
22936.66,1146.83,5.0,24083.49,0,0.0,40,22399.4,537.26,2.4,16.3,0,0,0,0
47498.64,8549.76,18.0,56048.4,0,0.0,10,51719.76,4221.12,8.16,40.5,0,0,0,0
67636.32,18938.17,28.0,86574.49,0,0.0,21,60745.0,6891.32,11.34,39.7,0,0,0,0
41866.55,7535.98,18.0,49402.53,1,0.0,4,41866.55,0.0,0.0,31.2,0,1,0,1
95357.38,17164.33,18.0,112521.71,0,0.83,13,95357.38,0.0,0.0,6.3,0,1,1,1
358585.36,64545.36,18.0,423130.72,0,0.0,8,154683.78,203901.58,131.82,26.2,1,1,0,1
403845.89,72692.26,18.0,476538.15,0,0.0,6,87050.28,316795.61,363.92,56.6,1,1,0,1
47434.03,8538.13,18.0,55972.16,2,0.0,5,47434.03,0.0,0.0,22.6,0,2,0,1
117858.77,21214.58,18.0,139073.35,0,0.0,39,134736.0,16877.23,12.53,58.8,0,0,0,0
70250.76,12645.14,33.66,101416.33,0,0.0,5,66707.75,4908.24,7.22,42.5,0,1,0,1
970715.75,174728.83,18.0,1145444.58,0,0.0,1,175872.96,794842.79,451.94,44.5,1,1,0,1
57233.29,2861.66,5.0,60094.95,0,0.0,33,49744.38,7488.91,15.05,59.5,0,0,0,0
85501.17,15390.21,18.0,100891.38,1,0.0,1,85501.17,0.0,0.0,31.1,0,1,0,1
1014146.39,182546.35,18.0,1196692.74,0,0.0,9,108761.1,905385.29,832.45,29.2,1,1,0,1
781716.45,140708.96,18.0,922425.41,0,0.0,7,114884.36,666832.09,580.44,14.0,1,1,0,1
101953.75,18351.67,18.0,120305.42,0,0.0,32,111241.59,9287.84,8.35,39.8,0,0,0,0
59446.54,16645.03,28.0,76091.57,0,0.0,11,64449.26,5002.72,7.76,38.6,0,0,0,0
15263.12,1831.57,12.0,17094.69,0,0.0,9,14878.62,384.5,2.58,41.6,0,0,0,0
754851.15,135873.21,18.0,890724.36,0,0.0,4,106938.07,647913.08,605.88,19.5,1,1,0,1
13295.99,2393.28,18.0,15689.27,0,0.94,5,13295.99,0.0,0.0,2.5,0,1,2,1
31447.87,1572.39,5.0,33020.26,0,0.0,8,33034.17,1586.3,4.8,51.4,0,0,0,0
171085.76,20530.29,12.0,191616.05,0,0.0,16,186917.73,15831.97,8.47,20.7,0,0,0,0
1135941.58,204469.48,18.0,1340411.06,0,0.0,6,84895.01,1051046.57,1238.05,59.4,1,1,0,1
427603.61,76968.65,18.0,504572.26,0,0.0,6,176802.47,250801.14,141.85,51.6,1,1,0,1
24147.87,4346.62,18.0,28494.49,2,0.0,1,24147.87,0.0,0.0,15.4,0,2,0,1
1144535.62,206016.41,18.0,1350552.03,0,0.0,6,123559.76,1020975.86,826.3,51.1,1,1,0,1
44519.76,8013.56,18.0,52533.32,2,0.0,1,44519.76,0.0,0.0,22.8,0,2,0,1
140125.35,25222.56,18.0,165347.91,0,0.0,11,138641.47,1483.88,1.07,38.0,0,0,0,0
82544.36,14857.98,18.0,97402.34,0,0.0,20,88210.19,5665.83,6.42,42.2,0,0,0,0
118407.54,21313.36,18.0,139720.9,0,0.94,5,118407.54,0.0,0.0,1.7,0,1,3,1
119748.08,14369.77,12.0,134117.85,0,0.0,23,110704.58,9043.5,8.17,56.2,0,0,0,0
27646.04,7740.89,28.0,35386.93,0,0.0,30,26844.8,801.24,2.98,58.4,0,0,0,0
10439.37,2923.02,28.0,13362.39,0,0.0,31,10614.61,175.24,1.65,39.8,0,0,0,0
89196.3,16055.33,35.53,122793.9,0,0.0,3,90395.88,9415.38,8.59,33.9,0,1,0,1
1041812.35,187526.22,18.0,1229338.57,0,0.0,5,178928.1,862884.25,482.25,35.3,1,1,0,1
144347.26,25982.51,5.34,190146.48,0,0.0,14,143892.71,4881.23,6.96,11.1,0,1,0,1
88441.17,10612.94,12.0,99054.11,0,0.0,40,81176.37,7264.8,8.95,45.6,0,0,0,0
46877.73,8437.99,2.66,62883.01,0,0.0,11,47436.75,1921.38,10.43,29.2,0,1,0,1
15582.05,4362.97,28.0,19945.02,0,0.0,35,14583.96,998.09,6.84,47.1,0,0,0,0
35301.06,6354.19,19.23,46096.07,0,0.0,11,38672.81,7672.89,13.92,15.9,0,1,0,1
144445.89,26000.26,18.0,170446.15,0,0.0,6,162927.08,18481.19,11.34,32.4,0,0,0,0
64849.57,11672.92,18.0,76522.49,1,0.0,5,64849.57,0.0,0.0,38.5,0,1,0,1
62923.19,17618.49,28.0,80541.68,0,0.0,32,57861.44,5061.75,8.75,33.2,0,0,0,0
128623.35,6431.17,5.0,135054.52,0,0.0,29,125057.89,3565.46,2.85,39.4,0,0,0,0
217041.39,39067.45,18.0,256108.84,0,0.83,6,217041.39,0.0,0.0,1.7,0,1,3,1
6116.13,1712.52,28.0,7828.65,0,0.0,4,5626.22,489.91,8.71,30.6,0,0,0,0
390483.21,70286.98,18.0,460770.19,0,0.0,8,173534.8,216948.41,125.02,33.6,1,1,0,1
169967.89,47591.01,28.0,217558.9,0,0.0,37,159052.28,10915.61,6.86,53.1,0,0,0,0
85512.35,4275.62,5.0,89787.97,0,0.0,3,89978.74,4466.39,4.96,32.1,0,0,0,0
164061.55,45937.23,28.0,209998.78,0,0.0,37,150631.23,13430.32,8.92,19.0,0,0,0,0
145032.24,26105.8,18.0,171138.04,0,0.9,17,145032.24,0.0,0.0,3.7,0,1,1,1
109500.54,5475.03,5.0,114975.57,0,0.0,6,118921.79,9421.25,7.92,26.0,0,0,0,0
14736.27,1768.35,12.0,16504.62,0,0.0,35,14362.37,373.9,2.6,40.4,0,0,0,0
50607.86,14170.2,28.0,64778.06,0,0.0,12,48570.67,2037.19,4.19,25.0,0,0,0,0
92429.62,16637.33,18.0,109066.95,0,0.0,34,86884.79,5544.83,6.38,40.3,0,0,0,0
118029.14,33048.16,28.0,151077.3,0,0.0,26,135480.57,17451.43,12.88,32.2,0,0,0,0
34294.09,1714.7,5.0,36008.79,0,0.0,7,31318.54,2975.55,9.5,43.3,0,0,0,0
83632.61,15053.87,18.0,98686.48,1,0.0,1,83632.61,0.0,0.0,83.5,0,1,0,1
474867.0,85476.06,18.0,560343.06,0,0.0,8,182302.52,292564.48,160.48,49.1,1,1,0,1
148742.25,26773.6,18.0,175515.85,0,0.92,12,148742.25,0.0,0.0,6.5,0,1,1,1
125839.91,6292.0,5.0,132131.91,0,0.0,33,141727.26,15887.35,11.21,55.4,0,0,0,0
5224.2,1462.78,28.0,6686.98,0,0.0,31,5588.72,364.52,6.52,58.6,0,0,0,0
185578.86,33404.19,18.0,218983.05,0,0.88,16,185578.86,0.0,0.0,5.4,0,1,3,1
87798.39,15803.71,18.0,103602.1,0,0.0,31,77631.95,10166.44,13.1,49.2,0,0,0,0
7463.5,1343.43,18.0,8806.93,0,0.0,36,6770.69,692.81,10.23,45.5,0,0,0,0
66557.79,18636.18,28.0,85193.97,0,0.0,29,67320.95,763.16,1.13,48.1,0,0,0,0
95416.01,26716.48,28.0,122132.49,0,0.0,17,95884.65,468.64,0.49,30.9,0,0,0,0
46009.37,5521.12,12.0,51530.49,0,0.0,6,41042.23,4967.14,12.1,59.7,0,0,0,0
130821.54,15698.58,12.0,146520.12,0,0.0,30,115217.79,15603.75,13.54,52.4,0,0,0,0
119915.79,21584.84,9.58,162229.18,0,0.0,8,109593.62,1978.7,13.14,37.0,0,1,0,1
26579.46,4784.3,39.19,41665.88,0,0.0,3,23943.36,9391.04,11.87,30.8,0,1,0,1
157129.42,28283.3,18.0,185412.72,0,0.86,12,157129.42,0.0,0.0,1.2,0,1,3,1
170721.39,30729.85,18.0,201451.24,0,0.0,16,183438.25,12716.86,6.93,55.7,0,0,0,0
170545.47,47752.73,28.0,218298.2,0,0.0,40,182940.83,12395.36,6.78,22.0,0,0,0,0
169686.13,47512.12,28.0,217198.25,0,0.0,10,186083.7,16397.57,8.81,33.0,0,0,0,0
197051.38,35469.25,38.22,248556.89,0,0.0,11,201216.62,2686.41,6.17,37.4,0,1,0,1
18192.36,909.62,5.0,19101.98,0,0.0,6,19022.72,830.36,4.37,39.3,0,0,0,0
117855.62,21214.01,18.0,139069.63,0,0.87,18,117855.62,0.0,0.0,5.1,0,1,3,1
104106.19,29149.73,28.0,133255.92,0,0.0,7,92921.27,11184.92,12.04,43.5,0,0,0,0
7464.73,1343.65,18.0,8808.38,0,0.0,21,7616.52,151.79,1.99,49.1,0,0,0,0
175564.54,8778.23,5.0,184342.77,0,0.0,36,177886.31,2321.77,1.31,50.4,0,0,0,0
122503.84,14700.46,12.0,137204.3,0,0.0,33,111805.18,10698.66,9.57,55.8,0,0,0,0
124051.67,34734.47,28.0,158786.14,0,0.0,8,138896.54,14844.87,10.69,35.0,0,0,0,0
97650.65,11718.08,12.0,109368.73,0,0.0,13,85936.51,11714.14,13.63,44.6,0,0,0,0
100275.08,18049.51,4.37,121544.14,0,0.0,12,94161.3,5737.9,12.81,36.8,0,1,0,1
101726.26,18310.73,26.68,142782.31,0,0.0,7,100119.31,9645.23,12.98,20.1,0,1,0,1
89780.56,16160.5,18.0,105941.06,0,0.0,6,90191.84,411.28,0.46,22.2,0,0,0,0
54030.92,9725.57,36.49,65285.37,0,0.0,15,58866.13,6802.05,9.12,22.0,0,1,0,1
12757.27,2296.31,18.0,15053.58,2,0.0,2,12757.27,0.0,0.0,16.4,0,2,0,1
28084.79,5055.26,18.0,33140.05,0,0.0,13,31239.47,3154.68,10.1,54.4,0,0,0,0
66893.76,18730.25,28.0,85624.01,0,0.0,12,75438.04,8544.28,11.33,25.7,0,0,0,0
75203.84,3760.19,5.0,78964.03,0,0.0,16,84524.67,9320.83,11.03,40.5,0,0,0,0
95122.33,17122.02,7.01,135229.1,0,0.0,4,103177.47,5315.66,8.12,22.7,0,1,0,1
145747.89,26234.62,15.35,175316.82,0,0.0,12,151875.59,5188.57,7.32,17.8,0,1,0,1
25466.06,4583.89,18.0,30049.95,0,0.0,12,25548.76,82.7,0.32,33.8,0,0,0,0
35711.61,9999.25,28.0,45710.86,0,0.0,30,35875.32,163.71,0.46,18.9,0,0,0,0
131162.47,15739.5,12.0,146901.97,0,0.0,9,147035.9,15873.43,10.8,44.1,0,0,0,0
165288.18,8264.41,5.0,173552.59,0,0.0,27,153218.37,12069.81,7.88,47.6,0,0,0,0
164197.65,8209.88,5.0,172407.53,0,0.0,8,155435.0,8762.65,5.64,21.7,0,0,0,0
54107.79,6492.93,12.0,60600.72,0,0.0,37,49180.17,4927.62,10.02,48.0,0,0,0,0
118799.32,21383.88,32.24,142458.26,0,0.0,15,130173.08,1987.28,7.82,11.1,0,1,0,1
78817.89,22069.01,28.0,100886.9,0,0.0,7,68865.84,9952.05,14.45,30.5,0,0,0,0
95076.85,26621.52,28.0,121698.37,0,0.0,22,95001.84,75.01,0.08,19.1,0,0,0,0
46125.0,12915.0,28.0,59040.0,0,0.0,31,50293.7,4168.7,8.29,35.2,0,0,0,0
39907.22,1995.36,5.0,41902.58,0,0.0,23,45095.61,5188.39,11.51,38.2,0,0,0,0
201156.69,36208.2,18.0,237364.89,0,0.94,5,201156.69,0.0,0.0,1.1,0,1,3,1
643487.62,115827.77,18.0,759315.39,0,0.0,7,127219.3,516268.32,405.81,57.2,1,1,0,1
28188.73,3382.65,12.0,31571.38,0,0.0,30,27756.12,432.61,1.56,40.0,0,0,0,0
47621.89,8571.94,18.0,56193.83,2,0.0,1,47621.89,0.0,0.0,74.1,0,2,0,1
29974.62,3596.95,12.0,33571.57,0,0.0,35,27857.1,2117.52,7.6,47.6,0,0,0,0
114329.58,13719.55,12.0,128049.13,0,0.0,31,98678.74,15650.84,15.86,31.4,0,0,0,0
221231.66,39821.7,18.0,261053.36,0,0.88,15,221231.66,0.0,0.0,2.5,0,1,3,1
77604.79,3880.24,5.0,81485.03,0,0.0,34,80297.34,2692.55,3.35,57.3,0,0,0,0
38356.81,4602.82,12.0,42959.63,0,0.0,7,35782.08,2574.73,7.2,50.6,0,0,0,0
26130.52,7316.55,28.0,33447.07,0,0.0,16,25793.8,336.72,1.31,50.2,0,0,0,0
176235.87,49346.04,28.0,225581.91,0,0.0,37,172224.46,4011.41,2.33,32.1,0,0,0,0
84931.47,15287.66,18.0,100219.13,0,0.0,19,84021.28,910.19,1.08,19.5,0,0,0,0
186475.04,33565.51,35.78,225261.85,0,0.0,9,187030.87,1637.74,7.35,25.6,0,1,0,1
153576.05,27643.69,18.0,181219.74,0,0.0,9,139993.52,13582.53,9.7,59.2,0,0,0,0
12026.54,2164.78,18.0,14191.32,2,0.0,5,12026.54,0.0,0.0,50.7,0,2,0,1
22314.52,4016.61,18.0,26331.13,0,0.86,16,22314.52,0.0,0.0,2.4,0,1,1,1
118897.24,21401.5,18.0,140298.74,0,0.89,2,118897.24,0.0,0.0,2.1,0,1,3,1
69047.64,12428.58,18.0,81476.22,2,0.0,1,69047.64,0.0,0.0,9.2,0,2,0,1
30810.56,5545.9,13.38,60291.0,0,0.0,9,28157.15,9814.8,7.01,23.7,0,1,0,1
153405.81,42953.63,28.0,196359.44,0,0.0,8,160896.71,7490.9,4.66,43.9,0,0,0,0
17400.04,2088.0,12.0,19488.04,0,0.0,20,18282.11,882.07,4.82,24.6,0,0,0,0
71747.38,3587.37,5.0,75334.75,0,0.0,33,64350.01,7397.37,11.5,24.9,0,0,0,0
105228.73,5261.44,5.0,110490.17,0,0.0,11,119837.8,14609.07,12.19,50.4,0,0,0,0
89262.31,16067.22,18.0,105329.53,2,0.0,1,89262.31,0.0,0.0,20.7,0,2,0,1
41148.58,7406.74,18.0,48555.32,1,0.0,4,41148.58,0.0,0.0,6.5,0,1,0,1
83034.88,9964.19,12.0,92999.07,0,0.0,33,81791.09,1243.79,1.52,48.8,0,0,0,0
35523.77,6394.28,18.0,41918.05,2,0.0,2,35523.77,0.0,0.0,79.6,0,2,0,1
118048.39,33053.55,28.0,151101.94,0,0.0,17,109654.45,8393.94,7.65,34.0,0,0,0,0
151925.45,7596.27,5.0,159521.72,0,0.0,24,129203.27,22722.18,17.59,44.6,0,0,0,0
89874.92,16177.49,18.0,106052.41,2,0.0,3,89874.92,0.0,0.0,21.9,0,2,0,1
135681.93,24422.75,18.0,160104.68,0,0.0,12,127461.9,8220.03,6.45,54.9,0,0,0,0
81338.43,22774.76,28.0,104113.19,0,0.0,7,90174.47,8836.04,9.8,40.9,0,0,0,0
139454.88,6972.74,5.0,146427.62,0,0.0,17,152917.96,13463.08,8.8,51.2,0,0,0,0
167281.78,20073.81,12.0,187355.59,0,0.0,26,167721.18,439.4,0.26,20.5,0,0,0,0
145424.28,26176.37,18.0,171600.65,0,0.0,6,124566.64,20857.64,16.74,41.4,0,0,0,0
137536.34,16504.36,12.0,154040.7,0,0.0,18,144977.41,7441.07,5.13,41.8,0,0,0,0
436089.19,78496.05,18.0,514585.24,0,0.0,9,118078.09,318011.1,269.32,31.6,1,1,0,1
76885.64,13839.42,18.0,90725.06,0,0.0,33,81619.36,4733.72,5.8,51.5,0,0,0,0
119628.35,14355.4,12.0,133983.75,0,0.0,8,137458.37,17830.02,12.97,50.1,0,0,0,0
109280.47,30598.53,28.0,139879.0,0,0.0,36,101130.8,8149.67,8.06,39.9,0,0,0,0
20625.2,5775.06,28.0,26400.26,0,0.0,16,23183.34,2558.14,11.03,33.3,0,0,0,0
181690.75,32704.33,35.94,222750.96,0,0.0,5,181118.17,9736.52,12.7,11.7,0,1,0,1
133761.93,6688.1,5.0,140450.03,0,0.0,17,131618.86,2143.07,1.63,46.5,0,0,0,0
629633.58,113334.04,18.0,742967.62,0,0.0,9,152253.91,477379.67,313.54,46.9,1,1,0,1
91338.12,10960.57,12.0,102298.69,0,0.0,37,98475.71,7137.59,7.25,26.0,0,0,0,0
80553.89,14499.7,18.0,95053.59,2,0.0,3,80553.89,0.0,0.0,76.0,0,2,0,1
149172.67,26851.08,18.0,176023.75,0,0.0,21,147200.29,1972.38,1.34,38.4,0,0,0,0
218748.76,39374.78,18.0,258123.54,0,0.85,2,218748.76,0.0,0.0,4.6,0,1,3,1
20773.34,3739.2,18.0,24512.54,0,0.0,23,22315.64,1542.3,6.91,22.9,0,0,0,0
176817.07,31827.07,18.0,208644.14,0,0.93,14,176817.07,0.0,0.0,4.3,0,1,3,1
164312.41,46007.47,28.0,210319.88,0,0.0,24,151225.19,13087.22,8.65,15.6,0,0,0,0
30592.6,5506.67,18.0,36099.27,0,0.0,18,32992.35,2399.75,7.27,45.4,0,0,0,0
62614.99,11270.7,19.67,86927.18,0,0.0,10,63571.15,1301.16,5.38,26.9,0,1,0,1
127786.0,6389.3,5.0,134175.3,0,0.0,9,138096.57,10310.57,7.47,44.6,0,0,0,0
151358.57,27244.54,18.0,178603.11,0,0.0,12,164024.49,12665.92,7.72,20.4,0,0,0,0
103329.87,12399.58,12.0,115729.45,0,0.0,38,99885.47,3444.4,3.45,38.0,0,0,0,0
59321.37,16609.98,28.0,75931.35,0,0.0,5,51435.6,7885.77,15.33,52.4,0,0,0,0
169925.4,8496.27,5.0,178421.67,0,0.0,37,182714.55,12789.15,7.0,49.6,0,0,0,0
996409.16,179353.65,18.0,1175762.81,0,0.0,8,81952.24,914456.92,1115.84,19.0,1,1,0,1
34662.81,6239.31,18.0,40902.12,0,0.0,22,32254.51,2408.3,7.47,21.6,0,0,0,0
138761.99,24977.16,22.17,178975.38,0,0.0,6,126086.96,3714.81,5.1,13.4,0,1,0,1
95284.14,4764.21,5.0,100048.35,0,0.0,21,83389.11,11895.03,14.26,22.2,0,0,0,0
152855.49,27513.99,18.0,180369.48,0,0.86,20,152855.49,0.0,0.0,3.0,0,1,1,1
1121142.34,201805.62,18.0,1322947.96,0,0.0,5,87860.03,1033282.31,1176.06,15.7,1,1,0,1
69320.18,8318.42,12.0,77638.6,0,0.0,17,78831.47,9511.29,12.07,36.5,0,0,0,0
156850.9,43918.25,28.0,200769.15,0,0.0,33,175069.38,18218.48,10.41,15.3,0,0,0,0
72550.27,13059.05,18.0,85609.32,1,0.0,1,72550.27,0.0,0.0,59.6,0,1,0,1
53951.12,2697.56,5.0,56648.68,0,0.0,11,61640.49,7689.37,12.47,32.7,0,0,0,0
85364.42,15365.6,18.0,100730.02,0,0.0,5,74801.11,10563.31,14.12,17.4,0,0,0,0
1025359.33,184564.68,18.0,1209924.01,0,0.0,3,116047.19,909312.14,783.57,44.2,1,1,0,1
68154.19,12267.75,18.0,80421.94,0,0.0,3,72407.39,4253.2,5.87,20.7,0,0,0,0
104371.04,29223.89,28.0,133594.93,0,0.0,9,110337.2,5966.16,5.41,17.7,0,0,0,0
71071.68,12792.9,36.07,101508.66,0,0.0,9,73805.93,2855.44,11.4,28.3,0,1,0,1
84882.18,15278.79,18.0,100160.97,2,0.0,3,84882.18,0.0,0.0,80.0,0,2,0,1
125333.92,6266.7,5.0,131600.62,0,0.0,30,114762.3,10571.62,9.21,51.2,0,0,0,0
64385.46,11589.38,18.0,75974.84,1,0.0,1,64385.46,0.0,0.0,53.3,0,1,0,1
89515.34,25064.3,28.0,114579.64,0,0.0,22,88267.79,1247.55,1.41,46.0,0,0,0,0
451966.78,81354.02,18.0,533320.8,0,0.0,5,83324.5,368642.28,442.42,33.2,1,1,0,1
56003.43,15680.96,28.0,71684.39,0,0.0,39,60740.89,4737.46,7.8,29.7,0,0,0,0
127707.16,22987.29,18.0,150694.45,0,0.0,38,108940.0,18767.16,17.23,57.7,0,0,0,0
87741.72,15793.51,18.0,103535.23,0,0.8,12,87741.72,0.0,0.0,2.7,0,1,3,1
22135.35,3984.36,21.3,49373.05,0,0.0,12,21319.39,5772.28,14.56,13.4,0,1,0,1
124357.12,22384.28,34.12,157798.99,0,0.0,7,117643.41,1991.2,7.28,18.3,0,1,0,1
763996.96,137519.45,18.0,901516.41,0,0.0,7,125712.52,638284.44,507.73,43.6,1,1,0,1
94448.39,26445.55,28.0,120893.94,0,0.0,17,101536.82,7088.43,6.98,20.8,0,0,0,0
89015.61,16022.81,18.0,105038.42,2,0.0,3,89015.61,0.0,0.0,54.2,0,2,0,1
85142.23,15325.6,25.21,119734.91,0,0.0,5,84532.88,6638.18,7.08,11.9,0,1,0,1
